,id,title,summary,language,is_paid,price,learners_count,rating,reviews_count,url,skills,course_revenue,rating_sum
0,288622,Изучение Python  с нуля,"Базовый курс по языку программирования Python для начинающих. Вы узнаете, как установить Python, написать первую программу, освоите переменные, типы данных, условные операторы, циклы и функции. Курс содержит текстовые материалы, иллюстрации, примеры кода и задания для самоконтроля.",ru,0,0.0,1,,0,https://stepik.org/course/288622,{'Python'},0.0,0.0
1,288416,"Python deque: очереди, стеки и буферы","Курс про collections.deque в Python: двустороннюю очередь для быстрых операций с левым и правым краем. Разберём создание deque, FIFO-очереди, LIFO-стек, append, appendleft, pop, popleft, extendleft, maxlen, rotate, отличия от list, частые ошибки и практические задачи на очереди, буферы и алгоритмы.",ru,1,599.0,2,,0,https://stepik.org/course/288416,{'Python'},1198.0,0.0
2,288336,Python для начинающих.,"Практический курс Python для начинающих: 10 модулей с теорией и автоматическими задачами. Изучите переменные, циклы, списки, словари, функции, файлы, обработку ошибок. Финальный проект — консольный To-Do лист с сохранением данных. Подходит для полного нуля. Каждый урок сопровождается задачей для закрепления. Итоговый тест и сертификат.»",ru,0,0.0,1,,0,https://stepik.org/course/288336,{'Python'},0.0,0.0
3,288278,Java для Python-разработчика,"Курс знакомит опытных Python-разработчиков с языком Java через прямые сопоставления двух языков. Вы освоите статическую типизацию, классы и интерфейсы, сборку проектов и стандартную библиотеку JVM. По окончании сможете уверенно читать и писать промышленный код на современной Java (17+).",ru,0,0.0,6,,0,https://stepik.org/course/288278,"{'Python', 'Java'}",0.0,0.0
4,287941,Практикум по Python: от простых задач к алгоритмам,"О курсе

Курс предназначен для школьников и начинающих программистов, которые хотят изучить язык программирования Python через решение практических задач.",ru,0,0.0,2,,0,https://stepik.org/course/287941,{'Python'},0.0,0.0
5,287896,Статистика и анализ данных в футболе с Python,"Анализируем футбол через математику и Python: распределение Пуассона, xG-модели, сети передач, диаграммы Вороного. Реальные данные АПЛ — бесплатно.",ru,1,500.0,0,,0,https://stepik.org/course/287896,{'Python'},0.0,0.0
6,287579,QA в финтехе: API-тестирование и автоматизация на Python,"Единственный курс по QA для финтеха: API-тестирование, автотесты на Python+pytest, SQL, риск-ориентированное тестирование, CI/CD. Реальные кейсы торговых платформ и финансовых Сервисов. Выходишь с портфолио и резюме под финтех-вакансию.",ru,0,0.0,32,,0,https://stepik.org/course/287579,"{'SQL', 'Python'}",0.0,0.0
7,287568,Автоматизация браузера на Python ,"Курс «Автоматизация браузера на Python» поможет освоить управление веб-браузером с помощью популярных инструментов, таких как Selenium и Playwright. Вы научитесь автоматически открывать сайты, заполнять формы, выполнять клики, собирать данные и тестировать веб-приложения. Программа включает практические задания, работу с реальными сценариями и разбор типичных задач автоматизации, что позволит уверенно применять навыки в тестировании и веб-скрапинге.",ru,0,0.0,2,,0,https://stepik.org/course/287568,{'Python'},0.0,0.0
8,287542,Python&ROS: осваиваем робототехнику,"Хотите научиться программировать роботов, но не знаете, с чего начать?
Этот курс — мост между чистым Python и настоящей робототехникой на ROS.

Вместо скучных лекций — консольная черепашка, которой вы управляете кодом. Вместо дорогого железа — симулятор прямо в браузере. А ещё — симулятор работы по SSH, как у инженеров в промышленности.",ru,0,0.0,25,,0,https://stepik.org/course/287542,"{'Python', 'R'}",0.0,0.0
9,287415,Методы строк в Python: большой практический курс,"Путаете split() и join()?
Не понимаете, чем find() отличается от index()?
Никогда не слышали про str.maketrans() и translate()?

Тогда этот курс для вас!

Здесь не нужно зубрить методы.
Главное — понять, как они работают и когда их использовать на практике.",ru,0,0.0,150,,0,https://stepik.org/course/287415,{'Python'},0.0,0.0
10,287210,Python,"Данный курс сделан из 3-х курсов: Minimal Python, Middle Python и Maximal Python. В данном курсе рассматриваются все основы языка, которые должен знать каждый Python-разработчик",ru,0,0.0,51,,0,https://stepik.org/course/287210,{'Python'},0.0,0.0
11,287138,Python Множества: Методы,"Курс по методам множества set в Python. Разберём добавление, удаление, копирование, операции над множествами, проверки отношений, отличия похожих методов, частые ошибки, None, CPython и скорость работы. Теория, мини-проверки, практические задачи и итоговый экзамен помогут научиться выбирать правильный метод под задачу.",ru,0,0.0,50,,0,https://stepik.org/course/287138,{'Python'},0.0,0.0
12,287131,Работа с Web-страницами на Python,"Курс кратко рассказывает о тестировании с помощью Selenuim. 

Курс создан в качестве практической работы по Учебной практике в СПБГУАП.",ru,0,0.0,2,,0,https://stepik.org/course/287131,{'Python'},0.0,0.0
13,287052,API-тестирование на Python: пишем автотесты с нуля,"Практический курс по написанию автотестов для REST API на Python. Пошагово разберём работу с requests, валидацию JSON через jsonschema, сценарии авторизации, обработку сетевых ошибок и организацию тестов в pytest. Каждый шаг — код, задание и проверка через тесты.",ru,1,699.0,0,,0,https://stepik.org/course/287052,"{'REST', 'Python'}",0.0,0.0
14,286941,Анализ больших данных на Python 2026,"Практические задания к университетскому курсу, посвященному применению языка Python и его библиотек для решения задач анализа данных.",ru,0,0.0,29,,0,https://stepik.org/course/286941,{'Python'},0.0,0.0
15,286790,«Основы программирования на Python для начинающих»,"Описание курса
Цель курса:
Научить слушателей базовым конструкциям языка Python: переменные, типы данных, условные операторы, циклы. Сформировать навык написания простых программ.

Целевая аудитория:
Абсолютные новички в программировании, школьники старших классов, студенты непрофильных специальностей, желающие освоить первый язык программирования.

Исходный уровень знаний:
Умение пользоваться компьютером (создавать файлы, устанавливать программы). Никакого опыта в программировании не требуется.

",ru,0,0.0,8,2.0,1,https://stepik.org/course/286790,{'Python'},0.0,2.0
16,286608,Python для финансового анализа: практический курс,"Excel умирает на 200 000 строк, ежемесячный отчёт собирается руками два дня. Курс показывает, как Python заменяет Excel в работе финансового аналитика: pandas, котировки MOEX, портфельные метрики, P&L из транзакций, отчёт в одну кнопку.",ru,1,1490.0,1,,0,https://stepik.org/course/286608,"{'Pandas', 'Python', 'Excel'}",1490.0,0.0
17,286051,Основы программирования на Python,"Курс «Основы программирования на Python» знакомит с базовыми принципами разработки программ: переменными, типами данных, условными операторами, циклами и функциями. Обучение строится на практике — участники решают задачи, что помогает закрепить теорию и развить алгоритмическое мышление. Курс подходит для новичков и не требует предварительного опыта в программировании.",ru,0,0.0,1,,0,https://stepik.org/course/286051,{'Python'},0.0,0.0
18,285918,Python Crash Course - 2-е издание,Полный курс по Python на основе бестселлера Эрика Мэтьюза,ru,0,0.0,12,,0,https://stepik.org/course/285918,"{'Python', 'R'}",0.0,0.0
19,285917,Python Crash Course - 2nd Edition,Курс на основе книги Эрика Мэтьюза,ru,0,0.0,8,,0,https://stepik.org/course/285917,"{'Python', 'R'}",0.0,0.0
20,285894,Алгоритмы и структуры данных на Python,Изучите основные алгоритмы и структуры данных с практическими заданиями,ru,0,0.0,12,,0,https://stepik.org/course/285894,{'Python'},0.0,0.0
21,285893,Python для начинающих,Основы программирования на Python с нуля,ru,0,0.0,10,,0,https://stepik.org/course/285893,{'Python'},0.0,0.0
22,285887,"""Python, от A до Enter"": Для начинающих","Боишься, что программирование — это магия для избранных? Начнём с нуля. Без заумных слов, без страшного терминала. Просто включаешь комп, ставишь Python (кнопкой ""Далее"") и печатаешь первую программу. Курс для тех, кто ничего не знает, но хочет начать. Каждый урок — шаг от А до первого работающего кода. Нажимаешь Enter — видишь результат. Погнали.",ru,0,0.0,34,5.0,8,https://stepik.org/course/285887,"{'Python', 'R'}",0.0,40.0
23,285826,Python Списки: Методы и магические методы,"Практический курс по всем методам встроенного типа list в Python. Шесть глав - пять блоков по именованным методам (append, extend, insert, pop, remove, clear, index, count, sort, reverse, copy) и шестая по магическим методам. Курс включает 15 подглав теории, 140 тестовых вопросов пяти форматов и 94 практические задачи с автопроверкой. В конце - итоговый экзамен по всему курсу. Подходит тех, кто хочет освежить память, закрепить материал, подготовиться к собеседованиям.",ru,0,0.0,68,5.0,2,https://stepik.org/course/285826,{'Python'},0.0,10.0
24,285615,VK-бот на Python,"Создай собственного ВК-бота на Python с нуля.
На курсе ты научишься работать с VK API, обрабатывать сообщения, создавать кнопки, меню, FSM, викторины и полноценные диалоговые системы. Только практика, реальные проекты и подробные объяснения без лишней теории.",ru,1,100.0,2,,0,https://stepik.org/course/285615,{'Python'},200.0,0.0
25,285360,Искусственный интеллект и машинное обучение на Python (AI/ML),"Практический курс для тех, кто хочет начать работать с искусственным интеллектом и машинным обучением на Python. Вы настроите рабочую среду, научитесь анализировать реальные табличные данные, готовить признаки, строить модели регрессии и обучать простые нейронные сети.",ru,1,549.0,0,,0,https://stepik.org/course/285360,{'Python'},0.0,0.0
26,285149,Python для начинающих,"Курс с нуля для тех, кто никогда не программировал. От установки Python и первой строчки кода до работы со списками, строками и файлами. Каждый урок — короткая теория и сразу практика.",ru,0,0.0,3,,0,https://stepik.org/course/285149,{'Python'},0.0,0.0
27,285131,Python для начинающих,"Курс для абсолютных новичков. Установка Python, переменные, ввод/вывод, условия, циклы, коллекции, функции.",ru,0,0.0,2,,0,https://stepik.org/course/285131,{'Python'},0.0,0.0
28,285053,Основы NumPy: от типов Python до универсальных функций,"Практический курс по библиотеке NumPy для Python. Вы освоите типы данных, создание массивов, индексацию, срезы, изменение формы, склейку и разбиение массивов, а также универсальные функции (ufunc) для быстрых поэлементных вычислений. Каждая глава завершается экзаменом. Подходит тем, кто знает основы Python и хочет уверенно работать с числовыми данными.",ru,0,0.0,233,,0,https://stepik.org/course/285053,"{'NumPy', 'Python'}",0.0,0.0
29,284892,Информатика: от основ Python до работы с данными,"Курс знакомит с базовыми понятиями информатики и основами языка Python. Слушатели научатся работать с переменными, условиями, циклами, строками, списками и функциями. Курс включает теоретические материалы, практические задачи с автоматической проверкой и итоговое тестирование. Подходит для начинающих без опыта программирования.",ru,0,0.0,2,,0,https://stepik.org/course/284892,{'Python'},0.0,0.0
30,284869,"""Поколение Python"": профи + ООП + SQL + алгоритмы + самураи","Программа содержит пять курсов от ""Поколения Python"": курсы для профессионалов и ООП, курс по базам данных и SQL, курс по алгоритмам, а также курс для самураев. В первой части программы рассказывается о дополнительных возможностях языка Python, а также раскрывается концепция объектно-ориентированного программирования. Вторая часть программы посвящена языку структурированных запросов SQL. Третья часть программы посвящена алгоритмам и структурам данных.",ru,1,25900.0,44,5.0,8,https://stepik.org/course/284869,"{'SQL', 'Python'}",1139600.0,40.0
31,284866,"""Поколение Python"": профи + ООП + самураи","Программа содержит три курса от ""Поколения Python"": курс для профессионалов, ООП и курс для самураев. В данной программе рассказывается о дополнительных возможностях языка Python (даты и время, дополнительные типы коллекций, итераторы, логирование, тестирование и многое другое), а также раскрывается концепция объектно-ориентированного программирования. Для закрепления материала программа включает свыше 1000 задач с автоматической проверкой.",ru,1,17900.0,11,5.0,2,https://stepik.org/course/284866,{'Python'},196900.0,10.0
32,284362,Программирование на Python с использованием GigaChat,"Это курс для тех, кто хочет научиться программировать на Python, используя GigaChat для создания программ, ускорения разработки программ, поиска идеи для создания приложений или их улучшения.",ru,1,2000.0,51,5.0,1,https://stepik.org/course/284362,{'Python'},102000.0,5.0
33,284320,Python начальный уровень.,"Вы научитесь самым азам языка программирования python:
Функциям, циклам, ветвлениям и т.д.
Мы создадим свою компьютерную игру!
Заходите на курс — вперёд к программированию!",ru,0,0.0,6,,0,https://stepik.org/course/284320,{'Python'},0.0,0.0
34,283986,Поколение Python: от нуля до профессионала,"«Поколение Python: от нуля до профессионала» — это полный практический курс по Python, который позволяет пройти путь от полного новичка до уверенного разработчика.
Курс сочетает глубокое понимание языка «изнутри» с большим количеством практики и реальными проектами. Вы научитесь писать чистый, эффективный и профессиональный код, работать с данными, создавать ботов, парсеры и веб-приложени",ru,0,0.0,1,,0,https://stepik.org/course/283986,{'Python'},0.0,0.0
35,283850,Продуктовый Python — Инженерия,"Третий курс серии «Продуктовый Python» — о том, как писать надёжный код, работать с базами данных, символьными формулами и валидацией данных, используя лучшие библиотеки Python.

Курс знакомит с инструментами, о которых аналитики часто забывают или не знают: типизация, SQLModel, SymPy, Pydantic. Вместо изобретения велосипедов — готовые, оптимизированные и проверенные решения.",ru,0,0.0,65,,0,https://stepik.org/course/283850,{'Python'},0.0,0.0
36,283849,Продуктовый Python — Оптимизатор,"Научитесь решать задачи оптимизации, анализировать связи в данных, обрабатывать тексты для выделения ключевых слов и строить функциональные пайплайны для подготовки данных. Используйте современные библиотеки Python для графов, математического программирования, семантического анализа и функциональной обработки.
Перестаньте изобретать велосипеды! Используйте Python на полную катушку!",ru,0,0.0,65,,0,https://stepik.org/course/283849,{'Python'},0.0,0.0
37,283844,Продуктовый Python — Голос данных,"Научитесь извлекать ценные инсайты из текстовых данных. Парсите отзывы, анализируйте тональность и выявляйте главные боли клиентов с помощью современных NLP-библиотек Python. Курс для аналитиков, которые хотят не просто считать цифры, а слышать своих пользователей.
Перестаньте изобретать велосипеды! Используйте Python на полную катушку!",ru,0,0.0,68,5.0,1,https://stepik.org/course/283844,{'Python'},0.0,5.0
38,283510,Тестирование на Python: с нуля до профи,Курс с полной теорией по тестированию на Python для начинающих. Отработка теории на тестовых задачах. С нуля знаний на старте до уверенного тестирования на финише. ,ru,1,1990.0,2,,0,https://stepik.org/course/283510,{'Python'},3980.0,0.0
39,283509,Веб-разработка на Python: с нуля до профи,"Курс по веб-разработке на Python.
Отработка на тестовых и практических задачах.
С нуля знаний на старте до уверенного использования фреймворков для веб-разработки. ",ru,1,1990.0,4,,0,https://stepik.org/course/283509,{'Python'},7960.0,0.0
40,283271,"Дата и время в Python (datetime): курс, который закроет пробелы",Курс по работе с датами и временем в Python. Вы научитесь парсить любые строки: считать рабочие дни и настраивать часовые пояса. Будете понимать: почему datetime ведёт себя именно так. Внутри 7 модулей: около 400 заданий для практики.,ru,1,975.0,7,,0,https://stepik.org/course/283271,{'Python'},6825.0,0.0
41,282939,Python с нуля,"🧑‍💻В этой программе вы познакомитесь с python, создадите несколько мини-проектов, решите много заданий, научитесь работать со списками, словарями и кортежами, научитесь создавать свои функции а также узнаете много чего еще.
========
👶В курсе нет сложных слов и долгих практик, поймет любой человек, даже ребенок.",ru,1,2890.0,16,5.0,1,https://stepik.org/course/282939,{'Python'},46240.0,5.0
42,282930,Python - продвинутый уровень,"🧑‍💻Курс продвинутого уровня по python тут вы, научитесь работать со словарями и кортежами, более подробно узнаете о создании функций, изучите модуль turtle и ООП, а также узнаете много чего еще.",ru,1,2890.0,19,5.0,1,https://stepik.org/course/282930,{'Python'},54910.0,5.0
43,282743,Python с нуля :  виликолепная четверка!,"Освойте программирование на Python с нуля до продвинутого уровня! Комплект курсов подойдёт как начинающим, так и тем, кто хочет систематизировать знания. Вы изучите синтаксис языка, работу с библиотеками, основы алгоритмов и структур данных, а также научитесь создавать реальные проекты: от скриптов автоматизации до веб‑приложений. Практические задания и кейсы из индустрии помогут закрепить навыки и уверенно применять их на практике.",ru,0,0.0,17,,0,https://stepik.org/course/282743,{'Python'},0.0,0.0
44,282478,Python с нуля : для ГИГАЧАДОВ!!!,"ВНИМАНИЕ!!!КУРС В РАЗРАБЕ!




🐍Python с нуля : для ГИГАЧАДОВ!!!
Перейдите от написания работающего кода к созданию эффективных, поддерживаемых и высокопроизводительных систем. Этот курс предназначен для разработчиков, желающих освоить продвинутые возможности Python 3.10+ и стать экспертами в Backend-разработке.",ru,0,0.0,19,,0,https://stepik.org/course/282478,{'Python'},0.0,0.0
45,282465,Python для хакеров (CyberSecurity) (ПРЕДЗАКАЗ),"Научитесь использовать Python для взлома и защиты: создавайте эксплойты, автоматизируйте пентесты легально и профессионально — даже если никогда не программировали.

Мечтаете стать востребованным пентестером, но вас пугает программирование? Наш курс «Python для хакеров (Cybersecurity)» — структурированный путь от новичка до профи, способного писать собственные сканеры, снифферы и брутфорсеры. Изучим автоматизацию атак, анализ трафика и защиту на реальных кейсах.",ru,1,1200.0,172,,0,https://stepik.org/course/282465,{'Python'},206400.0,0.0
46,282417,Рисование в Python: от кода к образу,"Курс превращает изучение программирования в магическое приключение, где Python становится языком заклинаний, а модуль turtle — верным фамильяром, рисующим образы по велению кода. За 34 занятия ученики 10–11 классов проходят путь от первых команд forward и right до создания интерактивных GUI-приложений с анимацией и обработкой событий.",ru,0,0.0,10,,0,https://stepik.org/course/282417,{'Python'},0.0,0.0
47,282366,PyGame. Краткий курс по разработке игр на Python,"Курс позволит познакомиться с основами для создания игр на Python. Курс ознакомительный, он не разбирает подробно как работает Pygame, но можно использовать представленную информацию в качестве справочника",ru,0,0.0,58,5.0,2,https://stepik.org/course/282366,{'Python'},0.0,10.0
48,282140,Практика Python,"Хватит учить Python. Пора ДЕЛАТЬ на Python.
Ты уже пробовал учить программирование? Посмотрел пару видео, написал print(""Hello World"")... и забросил, потому что непонятно, зачем это всё?

Этот курс — другой.

Здесь нет 40 часов скучной теории. Каждый вечер ты будешь закрывать ноутбук с мыслью: «Ого, я реально это сделал».
Не учи Python — делай на нём. ",ru,0,0.0,6,,0,https://stepik.org/course/282140,{'Python'},0.0,0.0
49,282108,Чистая Практика Python: Полный тренажер (150 задач),"Стань профи через практику! 150+ задач: от основ Python до Data Science и ML.
Забудь про скучную теорию. В этом ультимативном тренажере ты набьешь руку на реальном коде:
✅ Base & OOP Python — крепкий фундамент.
✅ NumPy & Pandas — магия анализа данных.
✅ Matplotlib — крутая визуализация.
✅ Scikit-learn & NLTK— основы нейросетей и ML.
Идеально для новичков и Junior. Один курс — все нужные библиотеки. Начни кодить прямо сейчас!",ru,0,0.0,103,4.0,1,https://stepik.org/course/282108,"{'NumPy', 'Python', 'Pandas', 'sklearn'}",0.0,4.0
50,281738,Python для анализа данных ,"Практический курс по Python для анализа данных. От основ до работы с большими данными — без воды, с живыми примерами и заданиями после каждого урока.",ru,1,1990.0,0,,0,https://stepik.org/course/281738,{'Python'},0.0,0.0
51,281547,Основы языка программирования Python для школьников,"Интерактивный курс для учеников 7–10 классов, начинающих знакомство с программированием. Вы освоите базовые конструкции Python: переменные, условия, циклы, списки и функции. Каждый модуль содержит видеоурок, наглядную теорию и практические задачи с мгновенной автоматической проверкой. Курс адаптирован под школьников: минимум воды, живые примеры и пошаговое объяснение. Идеально подходит для самостоятельного обучения, подготовки к ОГЭ/ЕГЭ по информатике и развития алгоритмического мышления.",ru,0,0.0,2,,0,https://stepik.org/course/281547,{'Python'},0.0,0.0
52,281302,Работа с SQL из Python: от запросов к архитектуре,"🗄️ Python + SQL на практике: научитесь подключаться к базам данных из Python, выполнять SQL-запросы (SELECT, JOIN, агрегации), обрабатывать и использовать результаты в коде. Разберётесь, как правильно организовать работу с данными: от простых запросов до построения понятной и переиспользуемой архитектуры для реальных задач и проектов.",ru,1,950.0,225,5.0,1,https://stepik.org/course/281302,"{'SQL', 'Python'}",213750.0,5.0
53,280800,Python для продолжающих: от скриптов к приложениям,"Второй курс по Python для тех, кто уже прошёл базу и хочет перейти от отдельных задач к более взрослому коду. Здесь ты разберёшь ООП, модули, JSON, API, SQLite, тесты, типизацию и генераторы. Курс сделан так, чтобы после него ты не просто решал задачки, а умел собирать небольшие, но реальные программы.",ru,0,0.0,32,,0,https://stepik.org/course/280800,"{'SQL', 'SQLite', 'Python'}",0.0,0.0
54,280614,Python с нуля: первый шаг в IT,"Этот курс создан для школьников, которые делают первые шаги в мире программирования. Мы разберем Python — самый популярный и понятный язык. Вы научитесь писать свои первые программы, решать алгоритмические задачи уровня ОГЭ и ЕГЭ, а в конце курса создадите свой небольшой проект — «Калькулятор-помощник». Никакой скучной теории, только практика и понятные объяснения.",ru,0,0.0,2,,0,https://stepik.org/course/280614,{'Python'},0.0,0.0
55,280583,API автоматизация тестирования на Python,"API тестирование — навык, который отделяет джуна от стажера.
Текстовый курс ""API автоматизация тестирования на Python"" позволяет изучить основы профессии Automation QA с использованием актуальных технологий, а также освоить AI программирование (вайбкодинг).",ru,1,3200.0,5,,0,https://stepik.org/course/280583,{'Python'},16000.0,0.0
56,280489,Олимпиада Python v2,"Python Masters 2026 – это олимпиада по программированию на Python для школьников 13–17 лет, которая сочетает в себе задачи разного уровня сложности.
Олимпиада направлена на развитие логического мышления, навыков решения нестандартных задач и практического применения программирования, а также стимулирует творческий подход к решению прикл",ru,0,0.0,57,,0,https://stepik.org/course/280489,{'Python'},0.0,0.0
57,280340,Инженер по тестированию ПО: ручное + автоматизация на Python,"Освойте профессию инженера по тестированию ПО с нуля до автоматизатора на Python! ПРОМОКОД МАЯ: МИР_ТЕСТ_МАЙ! Пакет из 8 курсов от двух авторов месяца на Stepik. Внутри: ручное тестирование (ISTQB), Python для QA, Selenium, Pytest, архитектура автотестов и симулятор собеседований. Максимум практики с ИИ-проверкой кода. Станьте востребованным QA-инженером с выгодой 20% от полной стоимости всех курсов без скидки!",ru,1,21900.0,31,,0,https://stepik.org/course/280340,{'Python'},678900.0,0.0
58,280224,[Python INTRO] Вводное тестирование,"Это вводное тестирование поможет оценить ваш текущий уровень знаний перед началом изучения Python. В заданиях собраны базовые вопросы по ключевым темам, с которыми обычно сталкиваются начинающие: ввод и вывод данных, переменные, типы данных, условия, циклы, строки, списки, множества и словари. Тест не требует углубленной подготовки и нужен не для того, чтобы поставить оценку, а чтобы понять, какие темы уже знакомы, а каким стоит уделить больше внимания в процессе обучения. ",ru,0,0.0,2,,0,https://stepik.org/course/280224,{'Python'},0.0,0.0
59,279997,Введение в Python для начинающих,"Это практико-ориентированный курс по программированию, созданный на базе актуальных образовательных методик. Материал структурирован так, чтобы обеспечить плавный вход в программирование без перегрузки теорией.",ru,0,0.0,3,,0,https://stepik.org/course/279997,{'Python'},0.0,0.0
60,279973,Основы Python для анализа данных в биологии и медицине. Введение,В этом курсе представлен один из уроков курса «Машинное обучение и нейронные сети в биологии и медицине» Передовой инженерной школы НГУ,ru,0,0.0,11,,0,https://stepik.org/course/279973,{'Python'},0.0,0.0
61,279687,Python для начинающих.,"Курс Python для начинающих. Освойте основы: переменные, ввод, числа, строки, условия. Создайте свой проект калькулятор. Идеальный старт в IT без опыта.",ru,0,0.0,2,,0,https://stepik.org/course/279687,{'Python'},0.0,0.0
62,279668,Невероятный Python,"Олимпиада разделена на 2 уровня: для начинающих (недавно приступивших к изучению языка программирования Python) и для тех, кто освоил основы Python.",ru,0,0.0,126,,0,https://stepik.org/course/279668,{'Python'},0.0,0.0
63,279651,"Прикладной Python: инженерная база, оценка стоимости решений","Практикум по Python для тех, кто уже пишет короткие программы: ввод и вывод, типы, условия, циклы, строки, списки и последовательности, словари и множества. Ранний и устойчивый акцент на том, как растут время и память при росте входа. Теория с углубленными блоками, сотни вопросов самопроверки и задачи с автотестами.",ru,1,1399.0,6,,0,https://stepik.org/course/279651,{'Python'},8394.0,0.0
64,279601,"""Python для автоматизации тестирования"" от Алексея Коледачкина","Не просто Python, а Python в контексте автоматизации тестирования. Вы учите язык так, как его используют на реальных проектах: словари - потому что так выглядит ответ API, переменные - потому что в них хранятся данные тестов, ООП - потому что именно на нём построен Page Object Model. Каждая тема открывается с ответом на вопрос «зачем это QA-инженеру?»",ru,1,4590.0,139,5.0,6,https://stepik.org/course/279601,{'Python'},638010.0,30.0
65,279435,Основы Python для анализа данных,"Курс создан специально для тех, кто только начинает знакомство с Python. Мы всё разберём простым и понятным языком, без сложных терминов и лишней академической теории. Не важно, есть ли у вас опыт в программировании — здесь вы научитесь работать с Python с нуля и сможете применять знания в реальных задачах. Вас ждут видеолекции, конспекты, практические задания и поддержка автора по всем материалам курса.",ru,1,3990.0,27,5.0,1,https://stepik.org/course/279435,{'Python'},107730.0,5.0
66,279318,Пайтландия. Книга 1: первые шаги в Python для детей,"Понятный и увлекательный курс Python для детей с нуля. Через живые диалоги, сказочный мир Пайтландии и много маленьких практических заданий ребёнок шаг за шагом освоит основы программирования без страха, скуки и перегруза.",ru,0,0.0,688,5.0,3,https://stepik.org/course/279318,{'Python'},0.0,15.0
67,279130,Программирование (JS + python),"Бесплатная программа из простых и легких для понимания курсов по программированию на языках javascript и  python 
=======
В курсе нет сложных слов и долгих практик, поймет любой, даже ребенок.",ru,0,0.0,38,5.0,5,https://stepik.org/course/279130,{'Python'},0.0,25.0
68,279129,Основы Python,"Python с нуля — без воды и тоски. 800+ задач, 12 тем, 5 мини-проектов. Начинаешь с нуля, заканчиваешь с рабочим кодом.",ru,0,0.0,48,4.0,1,https://stepik.org/course/279129,{'Python'},0.0,4.0
69,279022,Python для тестировщиков: старт в автоматизацию,"Практический курс для ручных тестировщиков и начинающих автоматизаторов. Минимум теории, максимум практики: обработка JSON, работа с API, функции, классы для PageObject, файлы и исключения. Без воды — только то, что нужно для реальных задач.",ru,1,1099.0,6,5.0,1,https://stepik.org/course/279022,{'Python'},6594.0,5.0
70,278940,Просто Статистика: Теория без слез и примеры на Excel/Python/SQL,"Статистика без формул и академического ужаса. Поймите средние, дисперсию, корреляцию, гипотезы и регрессию на простых примерах и сразу примените их в Excel, Python и SQL. Курс объясняет не только «как считать», но и «что это значит» — для анализа данных, работы, отчетности и принятия решений.",ru,1,790.0,32,4.666666666666667,9,https://stepik.org/course/278940,"{'Python', 'SQL', 'Excel'}",25280.0,42.0
71,278787,Программирование на Python: первые шаги,"О курсе
Приглашаем детей и подростков в увлекательное путешествие в мир программирования! Курс «Программирование на Python для начинающих» создан специально для тех, кто никогда не программировал, но хочет научиться создавать свои собственные программы, игры и графические проекты.

Python — идеальный выбор для первого языка программирования. Он прост в изучении, но при этом является одним из самых востребованных языков в мире. ",ru,0,0.0,2,,0,https://stepik.org/course/278787,{'Python'},0.0,0.0
72,278729,Введение в ООП Python в духе советской эпохи,"Курс по плавному вхождению в тематику ООП языка Python для товарищей, готовых строить классы, наследование и инкапсуляцию во славу чистого кода.",ru,1,2300.0,1,,0,https://stepik.org/course/278729,{'Python'},2300.0,0.0
73,278391,Python для начинающих | Technohub,Этот курс разработан специально для учеников школы Technohub. Он поможет вам познакомиться с языком программирования Python.,ru,0,0.0,121,4.833333333333333,6,https://stepik.org/course/278391,{'Python'},0.0,29.0
74,278343,Основы Python для начинающих,"Курс «Основы Python для начинающих» предназначен для студентов и начинающих разработчиков, которые хотят познакомиться с программированием и освоить базовые возможности языка Python.

Программа курса построена по принципу пошагового обучения: от установки среды разработки до создания собственной программы. Материал подается небольшими теоретическими блоками, после которых предлагаются тестовые задания и практические упражнения. Такой формат позволяет быстро закреплять знания и применять их на практике.",ru,0,0.0,4,,0,https://stepik.org/course/278343,{'Python'},0.0,0.0
75,278342,Тренажёр по программированию Python,"Курс представляет собой практико-ориентированную образовательную среду, направленную на формирование устойчивых навыков программирования с использованием метода проблемно-ориентированного обучения. Вы решаете реальные и приближенные к профессиональной деятельности задачи, постепенно осваивая основные конструкции языка Python.",ru,0,0.0,6,,0,https://stepik.org/course/278342,{'Python'},0.0,0.0
76,278337,Циклы в Python,"Курс для новичков в языке программирования Python по практике циклов и вложенных циклов, а также по базовым навыкам дебаггинга, то есть отладки кода.",ru,0,0.0,37,5.0,1,https://stepik.org/course/278337,{'Python'},0.0,5.0
77,278291,Декораторы в Python,"Парадокс этого курса в том, что он МАЛЕНЬКИЙ, но при этом позволяет сделать БОЛЬШОЙ шаг в понимании функциональных возможностей Python и внутренней механики функций.",ru,1,320.0,417,5.0,6,https://stepik.org/course/278291,{'Python'},133440.0,30.0
78,278228,ЕГЭ ИНФОРМАТИКА 2026 | № 1 - 23 | ЗАДАНИЯ | Python | EXCEL,"Цель: Детально разобрать первые 23 задачи ЕГЭ по информатике. Заложить прочный и прогнозируемый фундамент для высокого балла.

Суть: Это ваш несгораемый запас. Задачи стандартные, алгоритмы отработаны. Слабое место многих — ошибки по невнимательности в стрессовой ситуации. Доведём каждое решение до рефлекса, чтобы на экзамене всё делалось автоматически.

Важная задача — не просто уметь решать шаблонные задания, а уметь решать нестандартные задачи, комбинируя знакомые приёмы.",ru,1,2490.0,1,,0,https://stepik.org/course/278228,"{'Python', 'Excel'}",2490.0,0.0
79,278080,"Data Quality в пайплайнах: SQL, Python, Great Expectations","Научитесь автоматически находить грязные данные и останавливать пайплайн до того, как они сломают аналитику. SQL-проверки, Python-валидация с Pydantic и Pandera, Great Expectations, Data Observability и интеграция в Airflow: всё в одном курсе с прикладным e-commerce проектом",ru,1,2490.0,18,5.0,1,https://stepik.org/course/278080,"{'Airflow', 'Python', 'SQL'}",44820.0,5.0
80,288589,Основы pandas для анализа данных,"Короткий практический онлайн-курс для новичков, которые знают базовый Python и хотят научиться загружать, очищать, анализировать и визуализировать табличные данные с помощью pandas.",ru,0,0.0,0,,0,https://stepik.org/course/288589,"{'Python', 'Pandas'}",0.0,0.0
81,285911,Знакомство с Pandas,"Практический курс для начинающих программистов. Научитесь загружать, чистить, фильтровать и объединять табличные данные с помощью Pandas. Работаем в Google Colab без установки.",ru,0,0.0,16,,0,https://stepik.org/course/285911,"{'Python', 'Pandas'}",0.0,0.0
82,278822,Путь аналитика данных: Экспресс-курс по NumPy и Pandas,"Освойте фундамент Data Science за минимальное время! Этот курс — интенсивный тренажер по главным инструментам аналитика на Python. Никакой воды: только те 20% функций NumPy и Pandas, которые решают 80% реальных задач.

В программе:

Быстрые вычисления в NumPy.

Работа с таблицами DataFrame и Series.

Очистка «грязных» данных и работа с пропусками.

Группировка, агрегация и сводные таблицы.

Итог: вы научитесь превращать хаос в структурированные отчеты и подготовите базу для Machine Learning.",ru,0,0.0,448,4.875,8,https://stepik.org/course/278822,"{'Сводные таблицы', 'NumPy', 'Python', 'Pandas'}",0.0,39.0
83,278579,Аналитика данных с Polars. Современная альтернатива Pandas,Самая мощная и современная библиотека по обработке данных Polars. Это своего рода PySpark на 1 машине,ru,1,890.0,69,4.857142857142857,7,https://stepik.org/course/278579,"{'Python', 'Pandas'}",61410.0,34.0
84,277517,Pandas для начинающих аналитиков: Тренажер,"Пошаговый курс по pandas для начинающих аналитиков: теория, практика, автопроверка и финальный проект с разбором.",ru,0,0.0,994,4.777777777777778,9,https://stepik.org/course/277517,"{'Python', 'Pandas'}",0.0,43.0
85,276824,Pandas для начинающих,"Этот курс — практическое погружение в библиотеку Pandas, основа анализа данных на Python. Вы начнёте с базовых объектов Series и DataFrame, научитесь очищать и преобразовывать данные. Освоите фильтрацию, сортировку, удаление пропусков и дубликатов. Узнаете, как группировать данные с помощью groupby и создавать сводные таблицы через pivot_table. Курс построен на реальных примерах и включает тестовые задания для закрепления.",ru,0,0.0,6,,0,https://stepik.org/course/276824,"{'Сводные таблицы', 'Python', 'Pandas'}",0.0,0.0
86,275620,Pandas для анализа данных: Полный курс,"Практический курс по библиотеке pandas для анализа данных. Освойте продвинутую агрегацию, объединение таблиц, очистку текста, работу со временем и сводные таблицы на реальных бизнес-задачах. От грязных данных — к идеальным отчетам!",ru,0,0.0,1866,4.857142857142857,35,https://stepik.org/course/275620,"{'Сводные таблицы', 'Python', 'Pandas'}",0.0,170.0
87,271452,Основы Python + библиотека Pandas,"Пакет курсов, который включает в себя 2 курса: 
— Основы Python для аналитики 
— Python: анализ данных с Pandas

После прохождения курсов вы сможете уверенно использовать Python в анализе данных.",ru,1,2990.0,22,5.0,1,https://stepik.org/course/271452,"{'Python', 'Pandas'}",65780.0,5.0
88,268603,Pandas для аналитика: от данных к решениям,"Практический курс для аналитиков, который научит быстро находить ответы на бизнес-вопросы с помощью Python.",ru,1,790.0,32,5.0,2,https://stepik.org/course/268603,"{'Python', 'Pandas'}",25280.0,10.0
89,266154,4. Основы Pandas,"Курс «Основы Pandas» создан для тех, кто хочет уверенно работать с данными в Python и освоить одну из самых востребованных библиотек в сфере анализа данных и машинного обучения. В процессе обучения вы узнаете, как загружать и изучать датасеты, преобразовывать таблицы, выбирать и комбинировать данные, обрабатывать пропуски, вычислять агрегированные показатели и подготавливать информацию для дальнейшего анализа или моделирования.",ru,0,0.0,68,,0,https://stepik.org/course/266154,"{'Python', 'Pandas'}",0.0,0.0
90,264192,"Графика в Python: Matplotlib, Tkinter, Pandas","Практический курс по визуализации данных в Python. Вы научитесь строить графики в Matplotlib, работать с оконными интерфейсами в Tkinter и визуализировать табличные данные с помощью pandas. Каждый урок включает интерактивные задания, автопроверку кода и мини-проекты. Подходит для начинающих.",ru,0,0.0,5,,0,https://stepik.org/course/264192,"{'Python', 'Pandas'}",0.0,0.0
91,262835,Тренажер: 50 задач по Pandas для собеседований,"Попробуйте бесплатные модули и оцените всё сами! Убедитесь, насколько это просто и эффективно, прямо сейчас! 🚀🚀🚀",ru,1,990.0,12,5.0,2,https://stepik.org/course/262835,"{'Python', 'Pandas'}",11880.0,10.0
92,259366,Задачник Pandas,"Этот курс — настоящий задачник. Никакой теории, только задачи. Ищи решения самостоятельно — это лучший способ прокачать навыки. Но вы не останетесь один на один с проблемами: автор всегда на связи в комментариях для помощи и советов.",ru,1,1499.0,5,3.6666666666666665,3,https://stepik.org/course/259366,"{'Python', 'Pandas'}",7495.0,11.0
93,252724,Библиотека Pandas. Работа с данными в Python,"В этом курсе вы научитесь эффективно работать с данными в Python с помощью библиотеки Pandas. Вы освоите структуры Series и DataFrame, загрузку данных из CSV, Excel и JSON, очистку и преобразование данных, работу с пропусками, типами и временными рядами, агрегацию и группировку, а также базовую визуализацию. Курс ориентирован на практику и полезен для анализа данных и Data Science.",ru,1,1490.0,316,5.0,5,https://stepik.org/course/252724,"{'Python', 'Pandas', 'Временные ряды', 'Excel'}",470840.0,25.0
94,251669,Pandas Basic. Базовый курс анализа данных,"В этом курсе вы изучите pandas - основной инструмент для работы с данными в Python. Вас ждёт понятная теория без лишней сложности и много практики: реальные задачи, работа с табличными данными, их очистка, преобразование, анализ, группировка и объединение данных. Курс построен так, чтобы вы научились уверенно применять полученные знания в реальных проектах. Курс подойдёт как для тех, кто делает первые шаги в анализе данных, так и для тех, кто хочет систематизировать и углубить свои навыки.",ru,1,2000.0,12,,0,https://stepik.org/course/251669,"{'Python', 'Pandas'}",24000.0,0.0
95,251192,"Катана данных: NumPy, pandas и matplotlib","«Катана данных» — это курс для тех, кто хочет сделать первый шаг в Data Science. Ты освоишь NumPy, pandas и matplotlib, научишься работать с массивами, таблицами и графиками, а главное — мыслить как самурай данных.»
",ru,0,0.0,1797,4.317073170731708,41,https://stepik.org/course/251192,"{'NumPy', 'Python', 'Pandas'}",0.0,177.0
96,249453,"Python, matplotlib, pandas: экспресс-курс ","Этот курс разработан для тех, кто хочет освоить основы программирования на Python с нуля, а также изучить библиотеки pandas и matplotlib для работы с табличными данными и их визуализации.

Курс предназначен для подготовки ко вступительным испытаниям в магистратуры факультета компьютерных наук НИУ ВШЭ ""Анализ данных в девелопменте"" и сетевую магистратуру ""Финансовые технологии"". Однако, также он позволит разобраться в основах Python и применять их для базового анализа данных.",ru,0,0.0,1524,4.25,4,https://stepik.org/course/249453,"{'Python', 'Pandas'}",0.0,17.0
97,248245,Numpy + Pandas: 2 в одном,"Освойте работу с массивами и таблицами в Python: быстрая обработка данных, аналитика, агрегации и фильтрация. Только практика — всё по делу.",ru,1,699.0,130,,0,https://stepik.org/course/248245,"{'Python', 'NumPy', 'Pandas'}",90870.0,0.0
98,240962,Руслан Сенаторов: Анализ данных. Python Pandas EDA. Data Science,"Автор курса Руслан Сенаторов t.me/RuslanSenatorov, Преподаватель и Президент IT-организации(CEO) github.com/SENATOROVAI | Бесплатный курс по математике(статистика на pandas) для data science,Машинное обучение, с нуля. Материалы курса основаны на открытых лекциях по ""Анализ данных на Python(Pandas) с Нуля"".

Этот курс предназначен для новичков, которые хотят научиться обрабатывать и анализировать данные с помощью Python и библиотеки Pandas. от загрузки и очистки до визуализации и базовой статистики.",ru,0,0.0,2175,5.0,3,https://stepik.org/course/240962,"{'GitHub', 'Python', 'Pandas'}",0.0,15.0
99,240912,Pandas: анализ данных на Python,"Изучите основы и продвинутые возможности библиотеки Pandas для анализа и обработки данных на Python. Курс подойдет как новичкам, так и тем, кто уже знаком с программированием, и позволит освоить эффективные методы работы с табличными данными. Проходите материалы в удобном для себя темпе.",ru,1,990.0,121,5.0,3,https://stepik.org/course/240912,"{'Python', 'Pandas'}",119790.0,15.0
100,240480,Библиотеки NumPy и pandas (с нуля до уверенной работы),"Умение работы с NumPy и pandas – это важный шаг в освоении многих современных профессий (Data Analyst, Data Scientist, ML-engineer и других).",ru,1,1690.0,2,5.0,1,https://stepik.org/course/240480,"{'NumPy', 'Python', 'Pandas'}",3380.0,5.0
101,238572,Библиотека pandas (с нуля до уверенной работы),"Умение работы с pandas – это важный шаг в освоении многих специальностей, связанных с наукой о данных (Data Science). Эта библиотека используется как в работе аналитиков данных, специалистов Data Science, так и при решении многих задач машинного и глубокого обучения.",ru,1,1190.0,1,5.0,1,https://stepik.org/course/238572,"{'Python', 'Pandas'}",1190.0,5.0
102,233567,"Python для анализа данных: работа с Pandas, NumPy и Scikit-learn","Вы научитесь анализировать данные и предсказывать значения с помощью машинного обучения. Освоите Pandas, NumPy и Scikit-learn, Anaconda, Matplotlib, Seaborn и Jupyter notebook, чтобы строить модели, визуализировать их, и решать реальные задачи уже через несколько недель.",ru,1,290.0,34,5.0,1,https://stepik.org/course/233567,"{'NumPy', 'Python', 'Pandas', 'sklearn'}",9860.0,5.0
103,229626,Pandas,"🚀 Освойте Pandas 🚀 — одну из самых популярных библиотек Python для работы с данными! Научитесь создавать и обрабатывать таблицы, анализировать данные, работать с файлами и эффективно применять методы фильтрации, группировки и объединения. Курс подойдет как для начинающих, так и для тех, кто хочет углубить знания в анализе данных.",ru,1,1750.0,141,5.0,11,https://stepik.org/course/229626,"{'Python', 'Pandas'}",246750.0,55.0
104,227741,"""Библиотека Pandas"": курс для начинающих","Практический курс по pandas для начинающих, в котором вы пройдёте полный цикл анализа данных: от загрузки и очистки таблиц до визуализации, интерпретации результатов и итогового проекта.",ru,1,2890.0,16,5.0,1,https://stepik.org/course/227741,"{'Python', 'Pandas'}",46240.0,5.0
105,221326,Pandas для анализа данных,"Этот курс позволит вам освоить ключевые концепции и методы работы с Pandas, которые будут полезны в различных аналитических задачах и проектах. Вы также приобретете практические навыки через выполнение упражнений.",ru,1,1090.0,70,5.0,3,https://stepik.org/course/221326,"{'Python', 'Pandas'}",76300.0,15.0
106,213585,Библиотеки Pandas и Seaborn для анализа данных. Базовый уровень,Курс по основным функциям Pandas и Seaborn – мощных библиотек языка Python для анализа данных. Курс даст вам базовое понимание этих инструментов.,ru,0,0.0,4855,4.571428571428571,56,https://stepik.org/course/213585,"{'Python', 'Pandas'}",0.0,256.0
107,213523,Pandas с нуля,"Pandas — мощная библиотека для работы с данными в Python. Курс предлагает увлекательные текстовые уроки, множество тестов и практических задач, которые помогут глубже понять работу с табличными данными.

[Python, Pandas, обработка данных, Data Science]",ru,1,475.0,453,4.67741935483871,31,https://stepik.org/course/213523,"{'Python', 'Pandas'}",215175.0,145.0
108,211639,Пакет курсов: Pandas + Matplotlib + Seaborn,"Пакет курсов по обработке, анализу и визуализации данных для глубокого освоения всех этапов работы с информацией.",ru,1,3280.0,399,5.0,5,https://stepik.org/course/211639,"{'Python', 'Pandas'}",1308720.0,25.0
109,210799,Pandas. Теория и практика,"Достаточное количество практики - это тот ключевой элемент, который необходим для овладения любым навыком. Не обстоят дела иначе и с Pandas. Помимо видео-уроков, составленных без воды и по делу, на курсе вам будет предложено прорешать более ста задач, ведь все мы знаем, что теория, подкрепленная хорошим практическим  бэкграундом - это путь к успеху.",ru,1,1000.0,10,5.0,1,https://stepik.org/course/210799,"{'Python', 'Pandas'}",10000.0,5.0
110,194014,Первое знакомство с библиотекой pandas,"Pandas - это библиотека для работы с данными на языке Python. Она предоставляет набор инструментов для обработки и анализа данных, таких как чтение и запись данных, манипулирование данными, визуализация данных и многое другое.

Pandas используется для анализа данных в различных областях, таких как наука о данных, машинное обучение, бизнес-аналитика и другие. Она является одной из самых популярных библиотек для работы с данными на Python и имеет большое сообщество пользователей.",ru,0,0.0,3,,0,https://stepik.org/course/194014,"{'Python', 'Pandas'}",0.0,0.0
111,187506,Анализ данных с Pandas,"Этот курс предназначен для тех, кто хочет научиться эффективно работать с таблицами и данными в Python. В рамках курса вы изучите основные методы работы с таблицами, включая загрузку, фильтрацию, группировку и агрегацию данных. Вы также научитесь проводить анализ данных, создавать новые столбцы и визуализировать результаты. Курс включает в себя практические задания и проекты, которые помогут вам закрепить полученные знания и навыки.",ru,0,0.0,4843,4.16,25,https://stepik.org/course/187506,"{'Python', 'Pandas'}",0.0,104.0
112,177903,Изучаем Pandas на финансовых данных,"В курсе мы будем учиться работать с библиотекой Pandas, используя при этом различные финансовые и экономические данные. Тем самым, параллельно с изучением самой библиотеки, вы также сможете узнать для себя и что-то новое из мира экономики и финансов.",ru,1,1880.0,855,4.950819672131147,61,https://stepik.org/course/177903,"{'Python', 'Pandas'}",1607400.0,302.0
113,174774,Осваиваем Pandas: введение в анализ данных,"В этом курсе, который является первой частью большого курса по Pandas вы изучите основы работы с Pandas: Series, DataFrame, научитесь использовать срезы, фильтрацию, математические, статистические функции, сможете уверенно импортировать данные из различных форматов, баз данных, онлайн источников посредством API. Будете решать большое количество практических задачи и укреплять навыки анализа данных. Первая часть большого курса по Pandas.",ru,0,0.0,1015,4.711111111111111,45,https://stepik.org/course/174774,"{'Python', 'Pandas'}",0.0,212.0
114,134040,Pandas для начинающих,"Видеоуроки по Pandas для начинающих. Разбираем функционал pandas по косточкам в Jupyter notebook. Закрепляем материал, выполняя тесты и решая задачки. ",ru,0,0.0,3382,4.809523809523809,21,https://stepik.org/course/134040,"{'Python', 'Pandas'}",0.0,101.0
115,133336,Pandas: вопросы на собеседовании и не только,Проверьте свои знания о Pandas и Numpy через серию тестов. 120+ вопросов уже ждут тебя! Новые вопросы каждую неделю!,ru,1,990.0,201,4.714285714285714,7,https://stepik.org/course/133336,"{'NumPy', 'Python', 'Pandas'}",198990.0,33.0
116,122126,Pandas для Анализа данных,"Начните увлекательное путешествие в мир Pandas! 

Этот курс поможет вам освоить основные концепции и приемы работы с Pandas, которые будут полезны во многих аналитических задачах и проектах. Вы также получите практические навыки путем выполнения упражнений.",ru,1,1950.0,959,4.735294117647059,34,https://stepik.org/course/122126,"{'Python', 'Pandas'}",1870050.0,161.0
117,120014,Основы Pandas для начинающих,"Интересные видеоуроки по Numpy и Pandas для начинающих. Большое количество тестов и задачек для закрепления материала. Рассматриваем много реальных кейсов, которые могут встретиться на практике и в дальнейшем обучении. Заложим прочный фундамент, который станет основой в вашем карьерном росте!",ru,1,1990.0,2999,4.625668449197861,187,https://stepik.org/course/120014,"{'NumPy', 'Python', 'Pandas'}",5968010.0,865.0
118,118593,Python: анализ данных с Pandas,Курс посвящен практической работе с Pandas. Вы получите необходимую теорию и закрепите ее на большом количестве практических задач.,ru,1,1990.0,2099,4.7607361963190185,163,https://stepik.org/course/118593,"{'Python', 'Pandas'}",4177010.0,776.0
119,111629,Практикум по Pandas,Прокачиваем практические навыки работы в Pandas. Рекомендовано специалистам по анализу данных. Выведи своё владение библиотекой Pandas на новый уровень!,ru,1,1490.0,1599,4.405405405405405,37,https://stepik.org/course/111629,"{'Python', 'Pandas'}",2382510.0,163.0
120,105785,Yummy Pandas,"Это прикольный курс, в котором мы потусуемся с базовыми инструментами анализа и обработки данных, с помощью языка программирования Python и библиотеки Pandas",ru,1,590.0,331,4.705882352941177,34,https://stepik.org/course/105785,"{'Python', 'Pandas'}",195290.0,160.0
121,83990,Обработка данных в Python Pandas,"Курс предназначен школьникам 8-11 классов и студентам для быстрого освоения Python Pandas.
Курс является первым шагом в машинное обучение.",ru,0,0.0,6218,3.6714285714285713,70,https://stepik.org/course/83990,"{'Python', 'Pandas'}",0.0,257.0
122,274457,NumPy: Ваш фундамент для Data Science и ML,"NumPy — фундамент Data Science в Python. Без него будет сложно освоить Pandas, Scikit-learn, TensorFlow и PyTorch — все они опираются на его структуры данных. Этот курс проведёт вас от первых шагов до уверенного использования NumPy: вы научитесь создавать массивы, фильтровать данные с помощью масок, работать с многомерными структурами и применять матричные вычисления, лежащие в основе ML-алгоритмов. 

Каждая тема сопровождается практическими заданиями, чтобы знания сразу закреплялись на деле.",ru,1,690.0,15,5.0,1,https://stepik.org/course/274457,"{'NumPy', 'Python', 'Pandas', 'PyTorch', 'sklearn'}",10350.0,5.0
123,261872,"Твой путь в AI — Нейронные сети, PyTorch, Numpy","От работы с массивами и математики до создания, обучения и отладки реальных нейросетей в PyTorch. Понятные объяснения и готовые навыки для первой работы в AI.",ru,1,6490.0,15,,0,https://stepik.org/course/261872,"{'PyTorch', 'NumPy', 'Python'}",97350.0,0.0
124,251894,Numpy — основа анализа данных в Python,"Этот курс научит работать с NumPy — основной библиотекой Python для чисел и данных. С помощью NumPy мы получаем возможность делать вычисления в разы быстрее и обрабатывать большие массивы чисел без лишних заморочек.

Все модули курса откроются до 6 октября",ru,1,1000.0,0,,0,https://stepik.org/course/251894,"{'NumPy', 'Python'}",0.0,0.0
125,241982,Твой путь в AI — PyTorch и Numpy!,Сделайте первый шаг в сторону нейронных сетей. Эта программа охватывает две ключевые библиотеки в этой области: PyTorch и Numpy.,ru,1,2750.0,105,,0,https://stepik.org/course/241982,"{'NumPy', 'PyTorch', 'Python'}",288750.0,0.0
126,240913,Numpy: анализ данных на Python,"Освойте основы и продвинутые методы работы с массивами и данными в Python с помощью библиотеки Numpy. Курс поможет научиться эффективно анализировать и обрабатывать данные, используя мощные инструменты Numpy. Проходите уроки в удобном для себя темпе.",ru,1,1490.0,102,5.0,2,https://stepik.org/course/240913,"{'NumPy', 'Python'}",151980.0,10.0
127,240332,Руслан Сенаторов: Линейная Алгебра в Python(Numpy). Data Science,"Автор курса Руслан Сенаторов t.me/RuslanSenatorov, Преподаватель и Президент IT-организации(CEO) github.com/SENATOROVAI | Бесплатный курс по математике для data science,Машинное обучение, с нуля. Материалы курса основаны на открытых лекциях по ""Линейная Алгебра на Python с нуля"".

Этот курс —проводник в мир линейной алгебры, без которой невозможно понять, как работают модели машинного обучения, нейросети, кластеризация, поиск признаков и многое другое.  через практику на Python (NumPy).",ru,0,0.0,1543,3.6666666666666665,3,https://stepik.org/course/240332,"{'GitHub', 'NumPy', 'Python'}",0.0,11.0
128,237545,Основы работы с библиотекой NumPy,"Умение работать с библиотекой NumPy - это важный шаг для дальнейшего изучения библиотек анализа данных языка Python, а также инструментов машинного и глубокого обучения.",ru,1,590.0,3,5.0,1,https://stepik.org/course/237545,"{'NumPy', 'Python'}",1770.0,5.0
129,237433,Numpy для анализа данных,"Освойте NumPy — мощную библиотеку для научных вычислений в Python! Этот курс поможет вам легко работать с массивами, проводить статистический анализ и эффективно обрабатывать большие данные. Узнайте, как применять NumPy для анализа данных и временных рядов. Подходит для новичков и тех, кто хочет прокачать свои навыки в Python и анализе данных!",ru,1,390.0,131,4.733333333333333,15,https://stepik.org/course/237433,"{'NumPy', 'Python', 'Временные ряды'}",51090.0,71.0
130,195685,NumPy: массивы с нуля,"NumPy - популярная библиотека для анализа данных в Python.
Интересные видеоуроки, большое количество тестов и задачек.

[Python, NumPy, анализ данных, Data Science]",ru,1,499.0,346,4.82051282051282,39,https://stepik.org/course/195685,"{'NumPy', 'Python'}",172654.0,188.0
131,189476,Python for Data Science: Практика Numpy,"Присоединяйтесь к практико-ориентированному курсу по NumPy. В 'Python for Data Science' акцент делается на решении множества задач, что позволяет применять полученные знания и вспомнить уже отработанный материал.",ru,0,0.0,6934,4.817258883248731,197,https://stepik.org/course/189476,"{'NumPy', 'Python'}",0.0,949.0
132,180256,Курс по Numpy — Твой путь в AI,"При прохождении этого курса вы развиваете навыки работы с массивами данных, математических и статистических операций и других концепций, которые будут полезны во многих областях, включая научные и инженерные вычисления, обработку данных и машинное обучение.",ru,1,650.0,862,4.849056603773585,53,https://stepik.org/course/180256,"{'NumPy', 'Python'}",560300.0,257.0
133,172781,Векторная алгебра с NumPy,"Курс ""Векторная алгебра с NumPy"" представляет базовые понятия векторной алгебры, такие как векторное пространство, линейные операции, линейная зависимость векторов, базис, координаты вектора, скалярное, смешанное, векторное произведение и их применение. Курс включает многочисленные практические задачи, в том числе задачи на программирование с использованием Python библиотеки - NumPy.",ru,0,0.0,2869,4.769230769230769,26,https://stepik.org/course/172781,"{'NumPy', 'Python'}",0.0,124.0
134,113585,NumPy-массивы в Python,"Это курс о NumPy — одной из самых популярных python библиотек на сегодня. Курс для тех, кто хочет легко и быстро решать задачи, думать о полученных результатах, а не о том, как написать программу. Вас ждет много практики, будет полезно, присоединяйтесь",ru,1,1900.0,236,4.815789473684211,38,https://stepik.org/course/113585,"{'NumPy', 'Python'}",448400.0,183.0
135,288748,Оформление библиографии в текстовом документе Writer,"Курс «Работа с LibreOffice: библиография и презентации»

Освойте LibreOffice — бесплатную альтернативу коммерческому ПО! Научитесь:
автоматически оформлять библиографию в Writer; 
создавать эффектные презентации в Impress.

В программе:
 3 видеоурока по библиографии;
 интерактивный практикум;
 видеоурок по презентациям.

Для студентов, исследователей и офисных работников.

Превратите оформление документов из рутины в удовольствие!

Записывайтесь прямо сейчас!",ru,0,0.0,1,,0,https://stepik.org/course/288748,{'R'},0.0,0.0
136,288639,Elementary new - homeworks,Данный курс предназначен для выполнения аудирования и домашних заданий к курсу Elementary new для подростков.,ru,0,0.0,0,,0,https://stepik.org/course/288639,{'R'},0.0,0.0
137,288539,VR-тренажёры в профессиональном обучении: проектирование и приме,"Курс для методистов, корпоративных тренеров и L&D-менеджеров, которые хотят разобраться в VR-тренажёрах, но не умеют программировать. Никакого технического жаргона — только практика: как заказать, оценить и внедрить VR-тренажёр в программу обучения.",ru,0,0.0,0,,0,https://stepik.org/course/288539,{'R'},0.0,0.0
138,288489,Английский с Оскаром. Буквы M - R,"Игровой курс английского для детей 4-6лет. Вместе с весёлым псом Оскаром ребёнок выучит буквы M, N, O, P, Q, R, новые слова и научится писать печатные буквы. Внутри 6 ярких PDF-тетрадей с раскрасками, прописями, заданиями на внимание.",ru,1,650.0,0,,0,https://stepik.org/course/288489,{'R'},0.0,0.0
139,288337,Prompt-инжиниринг для начинающих,"Подведение итогов. Инструкция по созданию комплексного промпта-инструкции для решения повседневной задачи студента (например, планировщик тренировок, генератор постов, ИИ-репетитор английского). Пару слов об этике и аhttps://stepik.org/course/288337/infoвторских правах.",ru,0,0.0,1,,0,https://stepik.org/course/288337,{'R'},0.0,0.0
140,288103,Travel English,"Этот курс создан для тех, кто планирует зарубежные поездки — от туристов и деловых путешественников до цифровых кочевников и сотрудников гостиничного/авиационного бизнеса. Вы освоите практическую лексику и фразы для реальных ситуаций: бронирование жилья, регистрация в аэропорту, аренда авто, жалобы в отеле, действия при краже или проблемах со здоровьем. 4 модуля с теорией, интерактивными заданиями и итоговым тестом. После курса вы будете уверенно общаться на английском в любой точке мира.",ru,0,0.0,1,,0,https://stepik.org/course/288103,{'R'},0.0,0.0
141,287900,"«Present Simple: как говорить о том, что мы делаем всегда»","Цель модуля: Научиться использовать Present Simple для описания повседневных действий, фактов и расписаний.",ru,0,0.0,1,,0,https://stepik.org/course/287900,{'R'},0.0,0.0
142,287898,Present Tenses ,"Разберитесь в тонкостях английских времен группы Present! Наш курс охватывает:
•  Present Simple: Привычки, факты, расписания.
•  Present Continuous: Действия в процессе, временные ситуации, планы.
•  Present Perfect: Результаты действий, опыт, события, связанные с настоящим.

Четкие объяснения, практические задания и реальные примеры помогут вам не только понять, но и активно использовать эти времена в повседневной речи.",ru,0,0.0,1,,0,https://stepik.org/course/287898,{'R'},0.0,0.0
143,287860,"Времена группы ""Present""","Курс посвящен временам группы ""Present"" английского языка и подойдет как старшеклассникам, сдающим экзамены, так и любому другому человеку, решившему заняться самообразованием.",ru,0,0.0,0,,0,https://stepik.org/course/287860,{'R'},0.0,0.0
144,287839,English Cours ,"Это увлекательный курс, направленный на развитие базовых языковых навыков учащихся 4 класса. Программа разработана с учетом возрастных особенностей детей и включает интерактивные задания, игровые элементы и практические упражнения. ",ru,0,0.0,0,,0,https://stepik.org/course/287839,{'R'},0.0,0.0
145,287801,English for designers for Figma,"Figma English for Designers — это практический курс английского языка для начинающих UI/UX и product-дизайнеров, работающих в Figma.Курс помогает научиться уверенно общаться и работать в международной дизайн-среде: отвечать на feedback, объяснять интерфейсы и взаимодействовать с разработчиками и клиентами на английском языке.",ru,0,0.0,0,,0,https://stepik.org/course/287801,{'R'},0.0,0.0
146,287773,Шпаргалка Solution Architect,"72 урока по CAP, Saga, Kafka, Postgres, mTLS и реальным кейсам. Чёткие формулировки, trade-offs и вопросы на собесе — для тех, кто готовится к интервью уровня Senior/Lead SA.",ru,1,2500.0,1,,0,https://stepik.org/course/287773,"{'Kafka', 'R'}",2500.0,0.0
147,287605,«Поиск оптимального решения в Microsoft Excel»,"Этот курс научит вас использовать инструмент Microsoft Excel — ""Поиск решения"" (Solver) для решения реальных бизнес-задач. Вы узнаете, как находить оптимальные решения для задач планирования производства, распределения ресурсов и управления логистикой. ",ru,0,0.0,7,,0,https://stepik.org/course/287605,"{'R', 'Excel'}",0.0,0.0
148,287535,Английский для младших классов: Pr. Simple vs Pr. Continuous,"Этот курс — для младших школьников, которые уже выучили первые английские слова, но путаются в двух главных временах: Present Simple и Present Continuous.

Коротко и понятно: когда ставить -s, зачем нужно -ing, как спросить и как сказать «нет». Без скучных правил и длинных объяснений — только то, что действительно нужно ребёнку.

В курсе:
1 модуль, 3 урока
Короткие правила с картинками
Задания с автопроверкой

Итоговый тест
Результат:ребёнок перестанет путать «я делаю каждый день» и «я делаю прямо сейчас",ru,0,0.0,3,,0,https://stepik.org/course/287535,{'R'},0.0,0.0
149,287487,ИИ-сотрудник за вечер: Claude Code через AIRouter,"Практический мини-курс: за один вечер подключите Claude Code через AIRouter, безопасно настройте API-ключ и получите первые рабочие файлы — план, КП, инструкцию, контент-план или простой лендинг.",ru,0,0.0,12,,0,https://stepik.org/course/287487,{'R'},0.0,0.0
150,287356,Введение во ВсОШ по ИнфомБезу. Лаборатория /root/28,"Курс для начинающих подготовку к ВсОШ по информационной безопасности. Дает общее представление о формате олимпиады, основных категориях задач (Web, Crypto, Forensics, Reverse, PWN, Admin) и базовых концепциях ИБ. Вы узнаете, что такое CTF, как устроен финал ВсОШ, какие инструменты используют участники, и что такое write-up. Курс поможет понять, к чему готовиться, и осознанно начать подготовку в рамках очной программы /root/28. Теоретический формат, самопрохождение, 6 модулей.",ru,0,0.0,5,,0,https://stepik.org/course/287356,{'R'},0.0,0.0
151,287333,LLM-инженер: от prompt-инжиниринга до production,"End-to-end курс по production-LLM-приложениям на Python: prompt-engineering, structured output, RAG, агенты, evaluation, monitoring, security. 15 модулей, 13 auto-graded заданий, финальный проект.",ru,0,0.0,158,,0,https://stepik.org/course/287333,"{'Python', 'R'}",0.0,0.0
152,287229,Present Tenses,"Целевая аудитория: начинающие и продолжающие (уровни A2–B2), желающие систематизировать знания о временах группы Present.

Цель курса: научить уверенно различать и использовать Present Simple, Present Continuous, Present Perfect и Present Perfect Continuous в устной и письменной речи.

Формат: видеоуроки + текстовые материалы + интерактивные задания + тесты.",ru,0,0.0,0,,0,https://stepik.org/course/287229,{'R'},0.0,0.0
153,287219,English idioms for b1-b2,"курс создан для расширения вокабуляра ( словарного запаса ) по английскому языку, для улучшения уровня разговорной речи. Курс поможет сделать вашу речь и вокабуляр шире и более узнаваемым для носителей ",ru,0,0.0,2,5.0,1,https://stepik.org/course/287219,{'R'},0.0,5.0
154,287216,Будущее время в английском языке» (Future Tenses),"Курс о будущем времени в английском: 3 модуля, правила, тесты и задания. Научись говорить грамотно без ошибок!",ru,0,0.0,4,,0,https://stepik.org/course/287216,{'R'},0.0,0.0
155,287169,SF grammar,"Этот курс поможет освоить дополнительные грамматические темы, которые на первый взгляд кажутся мелкими и незначительными, но на самом деле являются крайне полезными, чтобы говорить!

",ru,0,0.0,2,,0,https://stepik.org/course/287169,{'R'},0.0,0.0
156,287080,SQL ARENA - лучший бесплатный тренажёр по SQL,"Практический курс-тренажёр по SQL для начинающих: вы будете решать задачи в SQL Arena, получать мгновенную проверку решений, разбор ошибок и постепенно переходить от простых SELECT-запросов к JOIN, агрегациям, подзапросам, CTE и оконным функциям.",ru,0,0.0,1,,0,https://stepik.org/course/287080,"{'SQL', 'R'}",0.0,0.0
157,286996,КОТ-VR 2026: кружковая олимпиада по технологии VR,"Задания кружковой олимпиады для учащихся Инженерно-технического кружка ЦВР ""Галактика"" по направлению ""НТО Junior: старт в виртуальной реальности"".",ru,0,0.0,5,,0,https://stepik.org/course/286996,{'R'},0.0,0.0
158,286865,Автоматизация для админов: Bash и PowerShell,"✅Хотите перестать делать рутину вручную? Эта программа — ваш ключ к автоматизации. Вы научитесь писать скрипты на Bash для Linux и PowerShell для Windows, чтобы управлять серверами, пользователями и службами из командной строки. Идеально для системных администраторов и DevOps-инженеров, которые хотят работать эффективнее. Никакой лишней теории, только рабочие инструменты.",ru,1,3200.0,1,,0,https://stepik.org/course/286865,"{'Bash', 'R'}",3200.0,0.0
159,286837,Spring AI: LLM-приложения на Java,"Полный курс по Spring AI для Java-разработчиков. От первого ChatClient до production-ready AI-ассистента с RAG, Tool Calling, MCP, памятью и мониторингом.",ru,1,3500.0,6,,0,https://stepik.org/course/286837,"{'Java', 'R'}",21000.0,0.0
160,286826,Machine Learning и Data Science: тренажёр для собеседований,"Бесплатный ML-тренажёр с вопросами из отборов, стажировок и технических собеседований. Поможет быстро проверить базу по моделям, метрикам, деревьям, ансамблям, временным рядам и Python — и понять, что повторить перед интервью.",ru,0,0.0,56,,0,https://stepik.org/course/286826,"{'Временные ряды', 'Python', 'R'}",0.0,0.0
161,286752,In an airport,"Who this course is for

This course is for people from other countries who are going to visit Russia and want to feel comfortable at the airport — without getting confused by the language and without feeling stressed. It’s perfect for people who are just starting to learn Russian (level A1–A2).",ru,0,0.0,1,,0,https://stepik.org/course/286752,{'R'},0.0,0.0
162,286610,"DE-практикум: Spark, Docker, Postgres, Airflow, S3. Поток 4.","Живой практикум по Data Engineering: поднимаем локальный кластер (Spark + Postgres + Jupyter + Airflow), строим слои RAW/STG/CORE на реальном датасете и разбираем паттерны middle-уровня.
Формат потока: небольшая группа, плотная поддержка и доработка курса по вашей обратной связи.",ru,1,35000.0,4,,0,https://stepik.org/course/286610,"{'Airflow', 'Spark', 'R'}",140000.0,0.0
163,286490,"Инструменты контейнеризации: Docker, Kaniko, Buildkit","✅Программа охватывает полный цикл работы с контейнерами: от Docker и управления образами до современных технологий сборки без Docker daemon. Первая часть посвящена основам Docker: контейнерам, Dockerfile, сетям и volumes. Во второй части рассматриваются BuildKit, Kaniko, CI/CD и Kubernetes. Особое внимание уделяется практической автоматизации, безопасности и современным image build pipeline.",ru,1,2500.0,0,,0,https://stepik.org/course/286490,{'R'},0.0,0.0
164,286484,Информатика и визуализация: Эффективные презентации в PowerPoint,"Курс создан для школьников старших классов, студентов 1–2 курса и всех, кто хочет освоить PowerPoint не как «программу для картинок», а как инструмент информатики — для обработки и представления данных. Никаких художественных навыков не требуется. Только логика и желание разобраться.
",ru,0,0.0,1,,0,https://stepik.org/course/286484,{'R'},0.0,0.0
165,286476,Probability,This course covers the fundamentals of combinatorics and probability theory for discrete and continuous variables. This course is currently under development.,ru,0,0.0,11,,0,https://stepik.org/course/286476,{'R'},0.0,0.0
166,286380,Профессия AI-Engineer: с нуля до ИИ-сервисов,"🚀 Освойте профессию ИИ-инженера: от основ Python до создания продакшен-сервисов с LLM и автономными агентами. Три курса, единая траектория, реальные проекты в портфолио. Только инженерные навыки.",ru,1,5950.0,8,,0,https://stepik.org/course/286380,"{'Python', 'R'}",47600.0,0.0
167,286303,Разница между Present Simple и Present Continuous,"Present Simple и Present Continuous для детей. Правила без воды, тесты с автопроверкой. Перестань путать ""я делаю"" и ""я делаю сейчас"".",ru,0,0.0,1,,0,https://stepik.org/course/286303,{'R'},0.0,0.0
168,286256,"Claude как рабочий инструмент: Cowork, Skills, MCP — полный гайд","Вы платите за Pro Claude и пользуетесь им как ChatGPT — на 10% возможностей. Курс открывает остальные 90%: Excel-плагин, MCP-коннекторы, Cowork, Skills. Соберёте свой рабочий пайплайн на стыке трёх инструментов — час работы превращается в 10 минут.",ru,1,1490.0,0,,0,https://stepik.org/course/286256,"{'R', 'Excel'}",0.0,0.0
169,286253,Руслан Сенаторов: Machine Learning с нуля до Junior ДЛЯ ЧАЙНИКОВ,"Автор курса Руслан Сенаторов t.me/RuslanSenatorov, Преподаватель и Президент IT-организации(CEO) github.com/SENATOROVAI | Бесплатный курс по математике для data science, Машинное обучение, с нуля. Материалы курса основаны на открытых лекциях по ""Machine Learning с нуля до Junior ДЛЯ ЧАЙНИКОВ"".

Этот курс —проводник в мир Пайплайнов, без которых невозможно понять, как работают модели машинного обучения, нейросети, кластеризация, поиск признаков и многое другое.  через практику на Python (NumPy,Pandas).",ru,0,0.0,159,,0,https://stepik.org/course/286253,"{'GitHub', 'NumPy', 'Python', 'R', 'Pandas'}",0.0,0.0
170,286079,Go Senior Interview,"Глубокий курс по внутренностям Go-рантайма для тех, кто готовится к Senior-собеседованиям. 6 модулей охватывают всё, что спрашивают на собесах: GMP-шедулер и async preemption, memory model и escape analysis, сборщик мусора, интерфейсы и рефлексия, дженерики в production-коде, context и паттерны обработки ошибок. Каждая тема разобрана с опорой на классические CS-учебники: CLRS, DDIA, OS Concepts Силбершатца, «Драконову книгу». С разбором реального кода runtime/proc.go и актуальностью Go 1.26.",ru,0,0.0,17,,0,https://stepik.org/course/286079,{'R'},0.0,0.0
171,285997,Minecraft live ,Игра захватывающая и очень интересная.Есть два режима творческий где можно создавать и творить все без ограничений выживание где нужно играть отбиваясь от монстров постоянно обходя смерть стороной.,ru,0,0.0,2,,0,https://stepik.org/course/285997,{'R'},0.0,0.0
172,285875,Полное руководство по Apache Cassandra DB,"Станьте экспертом по Apache Cassandra: от проектирования схем без JOIN-ов до настройки JVM и векторного поиска для ИИ. В курсе вас ждут 116 проверочных тестов, которые не дадут расслабиться и гарантируют полное погружение в архитектуру распределенных систем. Вы научитесь балансировать согласованность (Consistency) и доступность, работать с SAI и выжимать максимум из кластера. По окончании — официальный сертификат Stepik для вашего резюме.",ru,1,2890.0,1,5.0,1,https://stepik.org/course/285875,{'R'},2890.0,5.0
173,285831,Основы рекомендательных систем (RecSys),"Комплексный путеводитель по миру RecSys: от простых эвристик до нейросетей и стратегий обучения с подкреплением.
В курсе «Основы рекомендательных систем (RecSys)» вы пройдете путь от классических алгоритмов (SVD, ALS) до современных архитектур (Two-Tower, Transformers) и научитесь строить системы, которые действительно понимают пользователя.",ru,1,2890.0,1,5.0,1,https://stepik.org/course/285831,{'R'},2890.0,5.0
174,285802,Создание ИИ Telegram бота за 1 час: от нуля до запуска,"На курсе мы создадим Telegram-бота со встроенным ИИ. Мы пройдем от регистрации через BotFather до полноценного запуска. Вы разберёте архитектуру проекта, базу данных, кнопки и хендлеры, научитесь работать с окружением и запускать бота локально. В финале — деплой и готовый рабочий проект, который можно использовать и масштабировать.",ru,0,0.0,165,,0,https://stepik.org/course/285802,{'R'},0.0,0.0
175,285799,Основы Greenplum для анализа данных,Курс посвящен изучению архитектуры и навыков работы с одной из самых мощных MPP-систем для построения хранилищ данных. Ищи промокод в описании курса,ru,1,1590.0,5,5.0,1,https://stepik.org/course/285799,{'R'},7950.0,5.0
176,285772,Mine-imator: 3D-анимация в Minecraft с нуля,"Научись создавать эпичные 3D-анимации в Minecraft с нуля в программе Mine-imator. В этом курсе вы научитесь создавать Minecraft анимации с нуля. Полученный навык позволит вам создавать уникальный контент для YouTube, набирать просмотры и зарабатывать на анимации в тематике Minecraft",ru,1,690.0,2,,0,https://stepik.org/course/285772,{'R'},1380.0,0.0
177,285745,Chinese through Simple English (Китайский язык с нуля),"Chinese through Simple English — практичный курс для начинающих, который помогает легко и постепенно освоить китайский язык через простой английский. Ты будешь учить базовую лексику, полезные фразы и грамматику без перегруза, с понятными объяснениями и живыми примерами. Курс идеально подходит для старта с нуля и уверенного первого шага в китайский язык.",ru,1,500.0,1,5.0,1,https://stepik.org/course/285745,{'R'},500.0,5.0
178,285608,"Rust продвинутый: лайфтаймы, async, unsafe и производительность","Продвинутый курс по Rust для тех, кто уже знает основы. Лайфтаймы, async-рантаймы изнутри, unsafe и FFI, lock-free, оптимизация, макросы, no_std, gRPC, Kafka, observability, WebAssembly, io_uring и eBPF. 21 модуль и большая сквозная практика.",ru,1,7700.0,40,,0,https://stepik.org/course/285608,"{'Kafka', 'R'}",308000.0,0.0
179,285570,Соревнование инженеров конструкторов PowerTech,"Каждый модуль программы – это один из видов соревновательного направления, предполагающий сконцентрированное углубленное изучение определенной конструкторской задачи. Модули программы составлены с учетом требований конкурсных заданий технической направленности, обеспечивают оптимальную подготовку учащихся к этапам соревнований. Организованная конкурсная деятельность технической направленности, дает школьнику массу положительных эмоций, способствует развитию его творческого потенциала",ru,0,0.0,1,,0,https://stepik.org/course/285570,{'R'},0.0,0.0
180,285549,Blender VFX: Динамические частицы часть 2,"Готовы поднять свои навыки работы с Blender на новый уровень? В Blender VFX: Dynamic Particles Vol.2 вы овладеете искусством создания потрясающих визуальных эффектов кинематографического качества с использованием динамического моделирования частиц.

Этот курс основан на мощном дополнении Molecular+ — совершенно бесплатном инструменте и одном из самых популярных дополнений для реалистичного взаимодействия частиц в Blender. Никаких платных плагинов, никаких скрытых затрат. Просто скачайте, установите и начнит",ru,1,2500.0,0,,0,https://stepik.org/course/285549,{'R'},0.0,0.0
181,285494,"""Автоматизация тестирования REST API"" от Алексея Коледачкина","Углублённый курс по автоматизации REST API на Python для тех, кто уже знает pytest. Pydantic для валидации, Service Object Model для архитектуры, асинхронные запросы через httpx + asyncio, логирование, Locust и генерация клиента из swagger.json.",ru,1,5490.0,17,,0,https://stepik.org/course/285494,"{'REST', 'Python', 'R', 'OpenAPI / Swagger'}",93330.0,0.0
182,285483,Полное руководство по Redis,"Станьте экспертом по Redis: от базовых структур данных до управления кластерами в Kubernetes. В курсе подробно разбираются Redis Stack (JSON, Search), продвинутые паттерны кэширования, работа с Redis OM на Python, Node.js и Go, а также глубокая отладка с помощью SLOWLOG и мониторинг в Grafana. Вы научитесь мигрировать данные без простоя и настраивать высокодоступные системы с помощью Sentinel и Operator. Идеально для бэкенд-разработчиков и DevOps-инженеров, стремящихся к Highload.",ru,1,2890.0,1,5.0,1,https://stepik.org/course/285483,"{'Python', 'R'}",2890.0,5.0
183,285454,Markdown: Текст без лишних кнопок,"Этот курс научит вас языку разметки, который используют миллионы разработчиков, писателей и блогеров, чтобы создавать красивые документы, не прикасаясь к мыши. Вы пройдёте путь от первого заголовка до профессионального README с интерактивными элементами.",ru,0,0.0,22,,0,https://stepik.org/course/285454,{'R'},0.0,0.0
184,285424,ProСчастье (а не статус),"Внешне у тебя есть всё, но внутри — пустота. Корень этой боли — синдром «удобного ребенка», которого воспитывали ради родительской гордости и чужих ожиданий. Тебя научили достигать, но забыли научить быть счастливой.
Этот практикум — не лекция и не волшебная палочка, а глубокий инструмент для самостоятельной комплексной работы с первопричиной, а не симптомами. Без дедлайнов и надзирателей: здесь пространство свободы, где вы сами несете ответственность за свой результат. ",ru,1,2890.0,0,5.0,1,https://stepik.org/course/285424,{'R'},0.0,5.0
185,285375,Профессия R разработчик и аналитик данных на R,"Полная программа обучения R: от основ до профессионального уровня. Три курса — базовый, продвинутый и мастерский — проведут вас от нуля до создания высокопроизводительного производственного кода на R.",ru,1,4000.0,0,,0,https://stepik.org/course/285375,{'R'},0.0,0.0
186,285353,English for Beginners : Everyday Communication,"This course is designed for beginners who want to improve their everyday English communication skills. Students will learn basic vocabulary, simple grammar, and practical phrases used in daily life situations.",ru,0,0.0,1,,0,https://stepik.org/course/285353,{'R'},0.0,0.0
187,285334,Emotional Intelligence for Students: How to Understand Yourself ,"High emotional intelligence includes emotional recognition of emotions of the self and others, using emotional information to guide thinking and behavior, discerning between and labelling different feelings, and adjusting emotions to adapt to environments. This includes emotional literacy.",ru,0,0.0,3,,0,https://stepik.org/course/285334,{'R'},0.0,0.0
188,285289,Test course bare,,ru,0,0.0,2,,0,https://stepik.org/course/285289,{'R'},0.0,0.0
189,285283,Расчет теплопотерь зданий в Autodesk Revit,Курс посвящен расчету теплопотерь зданий в программе Autodesk Revit. Будем максимально использовать функционал только самого Revit + познакомлю вас с основами Dynamo. ,ru,0,0.0,19,,0,https://stepik.org/course/285283,{'R'},0.0,0.0
190,285201,Инструменты аналитика: ClickHouse + Apache Superset,"Освойте передовые инструменты аналитика данных - ClickHouse + Apache Superset. Связка, являющаяся де-факто стандартом индустрии. Знание этих инструментов выведет вас на новый уровень карьеры!",ru,1,5990.0,13,,0,https://stepik.org/course/285201,{'R'},77870.0,0.0
191,285185,Module 1: Introduction to AI in the Modern World,"This course explores the transformative power of Artificial Intelligence (AI) in the modern global economy and its role in achieving sustainable development goals. Designed for students interested in technology, logistics, and economics, the course covers the journey from basic AI concepts to its practical applications in smart cities like Almaty.

Through interactive lessons and quizzes, students will learn how AI optimizes supply chains, impacts the labor market, and helps solve environmental challenges. ",ru,0,0.0,2,,0,https://stepik.org/course/285185,{'R'},0.0,0.0
192,284994,Basics of Restaurant Service,"This course introduces the basic principles of restaurant service. Students will learn about types of restaurants, customer service, menu planning, and food safety. The course is designed for beginners.",ru,0,0.0,1,,0,https://stepik.org/course/284994,"{'REST', 'R'}",0.0,0.0
193,284965,Arduino 4WD Robot: от симуляции к реальному прототипу,Практико-ориентированный курс по созданию и программированию четырёхколёсного робота на базе Arduino. Учащиеся осваивают полный цикл разработки: от виртуального прототипирования в Tinkercad Circuits до сборки и отладки реальной роботизированной платформы.,ru,0,0.0,9,,0,https://stepik.org/course/284965,{'R'},0.0,0.0
194,284954,Docker для разработчиков: с нуля до профи на практике,От первой команды docker run до production-сборок и CI/CD. Каждый урок заканчивается тестами и практическим заданием с кодом.,ru,0,0.0,68,,0,https://stepik.org/course/284954,{'R'},0.0,0.0
195,284943,Course Description (Short summary),,ru,0,0.0,1,,0,https://stepik.org/course/284943,{'R'},0.0,0.0
196,284902,Создание 3D объектов из 2D изображений в Blender,"В этом курсе вы узнаете, как можно преобразовать изометрические 2D спрайты в объемные 3D ассеты, а также как построить два небольших уровня из этих ассетов в Blender 5.",ru,0,0.0,9,,0,https://stepik.org/course/284902,{'R'},0.0,0.0
197,284849,Aristos_Club_2025-2026_КР,"«Контрольные работы: практикум для подготовки»
Данный курс содержит структурированные задания для проведения и подготовки к контрольным работам по ключевым темам пройденных на уроке",ru,0,0.0,0,,0,https://stepik.org/course/284849,{'R'},0.0,0.0
198,284835,How to Start Learning Chinese,"This course is designed for beginners who want to learn Chinese from scratch. It consists of 5 modules, each containing 5 lessons. Every lesson includes theory and practice, and at the end of each module there are tests to check knowledge. The course helps learners master basic Chinese characters, pronunciation, vocabulary, and simple phrases for communication.",ru,0,0.0,2,,0,https://stepik.org/course/284835,{'R'},0.0,0.0
199,284799,Git Pro: от первого коммита до командной работы уровня senior,"Освойте Git с нуля до уровня, на котором вас не сломает ни один merge-конфликт: команды, ветвление, GitHub, командные процессы и реальные кейсы из продакшена.",ru,1,7450.0,54,,0,https://stepik.org/course/284799,"{'GitHub', 'R'}",402300.0,0.0
200,284785,Macroeconomics: Inflation in Kazakhstan,Analyze  inflation  in  Kazakhstan (2000 - 2025): key monetary factors and National Bank policy tools.,ru,0,0.0,2,,0,https://stepik.org/course/284785,{'R'},0.0,0.0
201,284743,Self improvement,"Self-Improvement Course: Build Your Mind, Discipline, and Direction

This course is a structured journey designed to help you understand yourself, improve your mindset, and build a disciplined life with clear purpose.

",ru,0,0.0,2,,0,https://stepik.org/course/284743,{'R'},0.0,0.0
202,284742,TinkerCAD | 3D-моделирование для детей,"TinkerCAD – это онлайн сервис, который сейчас принадлежит самой известной компании мира CAD-систем – Autodesk. Тинкеркад уже давно известен многим как простая и бесплатная среда для обучения 3D-моделированию. С ее помощью можно достаточно легко создавать свои модели и отправлять их на 3D-печать.",ru,0,0.0,7,,0,https://stepik.org/course/284742,{'R'},0.0,0.0
203,284700,Монтаж в DaVinci Resolve,"🎬 Практический курс для новичков, которые хотят быстро разобраться в DaVinci Resolve, понять логику монтажа и собрать свои первые видео!",ru,1,99800.0,0,,0,https://stepik.org/course/284700,{'R'},0.0,0.0
204,284541,PRO C#. WPF. Потоковый с бонусами,"Курс по desktop-разработке на .NET с созданием полноценного WPF-приложения для портфолио.

Если вы уже знаете основы C# и ООП и хотите перейти к реальной разработке — за 3 месяца вы создадите архитектурное WPF-приложение с использованием MVVM, Git, HTTP-запросов и принципов чистого кода.

Формат — как в реальной работе: Pull Requests, ежедневное Code Review и еженедельные инженерные стримы.

Подготовка к Junior Desktop Developer.",ru,1,68900.0,0,,0,https://stepik.org/course/284541,{'R'},0.0,0.0
205,284519,Stress Management Techniques,This course is designed for students who want to learn how to cope with exam stress and daily pressure. You will find practical exercises and psychological tips to keep your mind calm and productive during difficult times.,ru,0,0.0,4,,0,https://stepik.org/course/284519,{'R'},0.0,0.0
206,284473,Stress Management,"An online course was created on the Stepik platform.
Course topic: Stress Management

Course structure:

Module 1: Understanding Stress

Lesson 1: What is Stress? Types and Symptoms

Lesson 2: Simple Techniques to Reduce Stress

Lesson 3: Creating a Personal Stress Management Plan

All lessons are in English and include theoretical content plus practical tasks.
",ru,0,0.0,3,,0,https://stepik.org/course/284473,{'R'},0.0,0.0
207,284409,International Analytics: Global Trends and Data,"This course covers the basics of international analytics, including global market research, geopolitical risks, and data interpretation for international relations and business.",ru,0,0.0,1,,0,https://stepik.org/course/284409,{'R'},0.0,0.0
208,284389,Introduction to Biology for Beginners,"Discover the fascinating world of biology! This course covers the fundamental principles of life, including cell biology, human anatomy, and environmental conservation. Through engaging lessons, you will learn how biological systems function and why diversity is essential for our planet's future.",ru,0,0.0,2,,0,https://stepik.org/course/284389,{'R'},0.0,0.0
209,284388,How to Launch Your Own Clothing Brand from Scratch,"Welcome to the ultimate guide on launching your own fashion business! This course is designed for aspiring entrepreneurs, designers, and students who want to turn their creative ideas into a profitable clothing brand.

In this course, we simplify the complex process of starting a garment business into clear, actionable steps. Whether you want to create a local streetwear brand or a global online store, this course provides the foundational knowledge you need to succeed in the competitive fashion industry.",ru,0,0.0,1,,0,https://stepik.org/course/284388,{'R'},0.0,0.0
210,284378,Scratch для начинающих: первый шаг в мир кода,"Для детей 7-9 лет.
Курс, с которого начинается путь вашего ребенка в IT!
Попробуй первый бесплатный урок уже сейчас.
",ru,1,990.0,2,,0,https://stepik.org/course/284378,{'R'},1980.0,0.0
211,279378,Scala: Самый полный курс от основ до продвинутого уровня,"Исчерпывающий курс по Scala 3 — от основ синтаксиса до продвинутой системы типов, функционального программирования, конкурентности и production-паттернов. 20 модулей, 150+ шагов, сотни примеров кода. Каждая тема раскрыта как глава технической книги с полноценными, запускаемыми примерами на Scala 3.8 и сравнением со Scala 2.13.",ru,1,500.0,0,,0,https://stepik.org/course/279378,{'Scala'},0.0,0.0
212,279340,Spark Structured Streaming на Scala,"Исчерпывающий курс по Apache Spark Structured Streaming на Scala. Sources, Sinks, Triggers, Windowing, State Management, Checkpointing, Joins, ClickHouse интеграция, Production паттерны. 16 модулей.",ru,1,500.0,1,,0,https://stepik.org/course/279340,"{'Spark', 'Scala'}",500.0,0.0
213,279277,PascalABC.NET для школьников. Базовый курс,"Базовый курс по программированию на PascalABC.NET для школьников 1–11 классов. Обучение полностью практическое: без лекций, через решение задач. Изучаются служебные слова, арифметика и функции, строки и символы, длина и позиции символов, обработка данных, одномерные и двумерные массивы, алгоритмы и сортировки. В курс включено много олимпиадных задач, что развивает алгоритмическое мышление, формирует уверенные навыки программирования и готовит к участию в соревнованиях и успешной сдаче экзаменов.",ru,1,4490.0,0,,0,https://stepik.org/course/279277,{'Scala'},0.0,0.0
214,279275,PascalABC.NET для школьников. Углубленный курс,"Углублённый курс по программированию на PascalABC.NET для школьников 1–11 классов. Обучение полностью практическое: без лекций, через решение задач. Изучаются служебные слова, арифметика и функции, строки и символы, длина и позиции символов, обработка данных, одномерные и двумерные массивы, алгоритмы и сортировки. В курс включено более 70 олимпиадных задач, что развивает алгоритмическое мышление, формирует уверенные навыки программирования и готовит к участию в соревнованиях и успешной сдаче экзаменов.",ru,1,5990.0,0,,0,https://stepik.org/course/279275,{'Scala'},0.0,0.0
215,278446,Массивы и сортировки на PascalABC.NET для школьников Базовый,"Курс предназначен для учащихся 1–11 классов и направлен на развитие уверенных навыков программирования на PascalABC.NET через решение задач по теме массивов и сортировок. Программа построена по принципу постепенного усложнения и включает более 900 задач, что позволяет закрепить материал на практике. Учащиеся научатся эффективно работать с массивами, применять алгоритмы сортировки и решать задачи различного уровня сложности.",ru,1,2990.0,61,5.0,1,https://stepik.org/course/278446,{'Scala'},182390.0,5.0
216,270112,Программирование на PascalABC.NET для школьников. Часть №2,Курс предназначен для учащихся 1-11 классов. Очень плавная и подробная программа курса предусматривает выработку навыков программирования посредством решения большого количества интерактивных тестов и задач. Мы познакомимся с решением на языке PascalABC.NETзадач на массивы и сортировки.,ru,0,0.0,148,5.0,2,https://stepik.org/course/270112,{'Scala'},0.0,10.0
217,270073,Массивы и сортировки на PascalABC.NET для школьников Углубленный,"Курс предназначен для учащихся 1–11 классов и направлен на развитие уверенных навыков программирования на PascalABC.NETчерез решение задач по теме массивов и сортировок. Программа построена по принципу постепенного усложнения и включает более 2100 задач, что позволяет закрепить материал на практике. В курсе также предусмотрено решение 70 олимпиад. Учащиеся научатся эффективно работать с массивами, применять алгоритмы сортировки и решать задачи различного уровня сложности.",ru,1,3990.0,111,,0,https://stepik.org/course/270073,{'Scala'},442890.0,0.0
218,269026, Система типов Scala 3,"Познакомьтесь с языком Scala 3 и его системой типов. Scala - промышленный язык программирования, на котором можно писать супер-сложные и логически надежные задачи. Крупные компании давно используют эту возможность. Но специалистов очень мало. Все боятся чистых функций и монад! Это непривычно! Проблема в обучении и наставниках! Все так. Но давайте попробуем? Может вам понравится, когда ваш код не унылое г-о, а красивая математика?",ru,0,0.0,43,,0,https://stepik.org/course/269026,{'Scala'},0.0,0.0
219,245614,Программирование на PascalABC.NET для школьников. Часть №1,"Курс «Программирование на PascalABC.NET для школьников. Часть №1» — это интенсивная практика программирования через решение более 900 задач. Подходит для обучения с 1 класса. Ученик изучает PascalABC.NET не по теории, а через реальные задания, развивая алгоритмическое мышление и уверенность в решении задач. Большое количество практики позволяет закрепить материал и перейти на более высокий уровень. Подходит для школьников, которые хотят системно развиваться и научиться программировать.",ru,0,0.0,569,5.0,5,https://stepik.org/course/245614,{'Scala'},0.0,25.0
220,242927,Scala: полный курс,"Данный курс охватывает все основные аспекты языка программирования Scala: от базовых синтаксических конструкций до работы с функциональным программированием и современными библиотеками. Курс удобно проходить в своем темпе, возвращаясь к материалам в любое время.",ru,0,0.0,173,5.0,1,https://stepik.org/course/242927,{'Scala'},0.0,5.0
221,239431,Scala: Подробный практический курс с нуля,"⛰️ Практический курс по языку программирования на Scala с нуля.  Вы изучите основы синтаксиса, ООП и функционального программирования на практике.
Курс полностью текстовый.",ru,1,990.0,44,5.0,2,https://stepik.org/course/239431,{'Scala'},43560.0,10.0
222,226213,Система программирования PascalABC.NET,Курс предназначен для первого знакомства учащихся 1-11 классов с программированием. Очень плавная и подробная программа курса предусматривает выработку навыков программирования посредством решения большого количества интерактивных тестов и задач. Мы познакомимся с основами программирования на языке PascalABC.NET.,ru,0,0.0,6,5.0,1,https://stepik.org/course/226213,{'Scala'},0.0,5.0
223,211744,Простые задачки Scala,"Если вы уже знаете основы Scala, но хотите попрактиковаться и улучшить свои навыки программирования, то этот курс именно для вас.",ru,1,290.0,14,,0,https://stepik.org/course/211744,{'Scala'},4060.0,0.0
224,200252,Scala. Задачи,"Курс содержит задачи для офлайн-курса по языку Scala.

Основное назначение - тестовые задания к курсу",ru,0,0.0,277,,0,https://stepik.org/course/200252,{'Scala'},0.0,0.0
225,197365,PascalABC Строковые величины,"Материал для самостоятельного изучения информатике по теме ""Алгоритмы обработки строковых величин"" для учащимися 9 классов.",ru,0,0.0,4,,0,https://stepik.org/course/197365,{'Scala'},0.0,0.0
226,195883,Функциональная Scala 3 для начинающих,"Познакомьтесь с языком Scala 3 и его функциональным подходом. Scala - промышленный язык программирования, на котором можно писать супер-сложные и логически надежные задачи. Крупные компании давно используют эту возможность. Но специалистов очень мало. Все боятся чистых функций и монад! Это непривычно! Проблема в обучении и наставниках! Все так. Но давайте попробуем? Может вам понравится, когда ваш код не унылое г-о, а красивая математика?",ru,0,0.0,610,4.666666666666667,3,https://stepik.org/course/195883,{'Scala'},0.0,14.0
227,184323,Программирование PascalABC.NET для средней школы,"Если Вы хотите изучать программирование, но в школе Вам не очень доходчиво объясняют материал, то этот курс для вас! ",ru,0,0.0,13,5.0,1,https://stepik.org/course/184323,{'Scala'},0.0,5.0
228,183213,Spark на Scala: Потоковая обработка,"Курс для тех, кто хочет продолжить изучение Spark и освоить потоковую обработку данных в Spark на Scala.",ru,1,4679.0,32,5.0,1,https://stepik.org/course/183213,"{'Spark', 'Scala'}",149728.0,5.0
229,175986,Основы PascalABC.NET для школьников. Углубленный курс,"Курс «Основы PascalABC.NET для школьников. Углубленный курс» — это интенсивная практика программирования через решение более 2600 задач и участие в 70 олимпиадах. Подходит для обучения с 1 класса. Ученик изучает PascalABC.NET не по теории, а через реальные задания, развивая алгоритмическое мышление и уверенность в решении задач. Большое количество практики позволяет закрепить материал и перейти на более высокий уровень. Подходит для школьников, которые хотят системно развиваться и научиться программировать.",ru,1,3990.0,359,5.0,3,https://stepik.org/course/175986,{'Scala'},1432410.0,15.0
230,175985,Основы PascalABC.NET для школьников. Базовый курс,"Курс «Основы PascalABC.NET для школьников. Базовый курс» — это интенсивная практика программирования через решение более 900 задач. Подходит для обучения с 1 класса. Ученик изучает PascalABC.NET не по теории, а через реальные задания, развивая алгоритмическое мышление и уверенность в решении задач. Большое количество практики позволяет закрепить материал и перейти на более высокий уровень. Подходит для школьников, которые хотят системно развиваться и научиться программировать.",ru,1,2990.0,247,5.0,2,https://stepik.org/course/175985,{'Scala'},738530.0,10.0
231,175474,PascalABC.NET для школьников c 1 класса. Знакомство,"Курс предназначен для первого знакомства с программированием с 1 класса. Программа выстроена максимально плавно и понятно: ребёнок осваивает основы Python через решение большого количества интерактивных задач и тестов. Такой формат позволяет не просто изучить теорию, а сразу формировать реальные навыки программирования, логического мышления и решения задач. Идеальный старт для дальнейшего развития в IT и участия в олимпиадах.",ru,0,0.0,1174,5.0,19,https://stepik.org/course/175474,"{'Python', 'Scala'}",0.0,95.0
232,174763,Flink на Scala (Java API),"Курс для тех, кто хочет познакомиться с потоковой обработкой данных и научиться обрабатывать непрерывно поступающие данные на Flink.",ru,1,4980.0,42,5.0,2,https://stepik.org/course/174763,{'Scala'},209160.0,10.0
233,129703,3D графика и анимация на PascalABC.NET для школьников Сертификат,"Курс предназначен для учащихся 1–11 классов и даёт практический старт в мире 3D-графики и анимации на языке PascalABC.NET. Ученик с первых занятий создаёт объёмные модели, сцены и анимации, а не просто изучает теорию. Пошаговая программа от простого к сложному позволяет быстро увидеть результат и уверенно освоить основы программирования и пространственного мышления.",ru,1,2990.0,151,5.0,9,https://stepik.org/course/129703,{'Scala'},451490.0,45.0
234,123441,PascalABC.NET: от предков к потомку ,"Небольшой курс, предназначенный для тех, кто знает Turbo Pascal и Free Pascal. Дается методика последовательного перехода к современному программированию средствами PascalАВС.NЕТ. В первую очередь рекомендован учителям, за годы преподавания привыкших к старым паскалевским приемам программирования.",ru,0,0.0,407,4.666666666666667,3,https://stepik.org/course/123441,{'Scala'},0.0,14.0
235,121483,2D графика и анимация на PascalABC.NET школьникам. Сертификат,"Курс «2D графика и анимация на PascalABC.NET для школьников» предназначен для учащихся 1–11 классов и помогает освоить программирование через создание собственных графических проектов. Уже с первых занятий ученик рисует фигуры, работает с цветами и координатами, а затем создаёт анимации и полноценные сцены. Обучение построено от простого к сложному и развивает алгоритмическое мышление и интерес к IT.",ru,1,2990.0,793,4.944444444444445,18,https://stepik.org/course/121483,{'Scala'},2371070.0,89.0
236,118067,PascalABC.NET: 220 задач к ЕГЭ с сайта К.Ю.Полякова,"Курс открыт в ознакомительном режиме (отсутствуют контрольные тесты). Приведены решения всех 220 задач. Рассмотрены задания с номерами 16, 17, 24, 25, 26, 27, которые рекомендовано решать путем программирования на алгоритмических языках. Также показано использование программирования при решении заданий с номерами 2, 5, 6, 8, 12,14,15,22,23.",ru,0,0.0,691,5.0,8,https://stepik.org/course/118067,{'Scala'},0.0,40.0
237,115252,Spark на Scala,"Курс для тех, кто желает изучить Apache Spark для решения задач дата инжиниринга. Курс нацелен на тренировку решения реальных практических задач и отлично подойдет будущим дата инженерам.",ru,1,5980.0,194,5.0,12,https://stepik.org/course/115252,"{'Spark', 'Scala'}",1160120.0,60.0
238,108040,PascalABC.NET: если в школе надоел Python,"Для школьников, которые уже освоили язык Python и желают познакомиться с еще одним языком программирования.",ru,0,0.0,546,5.0,2,https://stepik.org/course/108040,"{'Python', 'Scala'}",0.0,10.0
239,94169,PascalABC для новичков.,"Курс для изучения языка программирования PascalABC. Если есть ошибки или недочёты, то не жалуйтесь сильно.",ru,0,0.0,5,,0,https://stepik.org/course/94169,{'Scala'},0.0,0.0
240,92864,Scala: Продвинутый уровень,"Это курс для тех, кто желает продолжить изучение Scala, освоить параллельное программирование, систему типов, имплиситы. Подготовиться к дальнейшему изучению Akka и библиотек Scala вроде Cats.",ru,0,0.0,2679,4.769230769230769,13,https://stepik.org/course/92864,{'Scala'},0.0,62.0
241,91781,PascalABC.NET: современный код,"Первый достаточно полный интерактивный курс по современному программированию в среде PascalABC.NET. Это настоящий PascalABC.NET, а не Turbo/Free Pascal в среде PascalABC.NET. ",ru,0,0.0,9671,4.866666666666666,45,https://stepik.org/course/91781,{'Scala'},0.0,218.99999999999997
242,89974,Основы Scala,"Это курс для тех, кто желает освоить язык Scala, познакомиться с принципами функционального программирования на Scala и получить знания, необходимые как будущему Scala-разработчику, так и дата-инженеру",ru,0,0.0,8148,4.706422018348624,109,https://stepik.org/course/89974,{'Scala'},0.0,513.0
243,89354,Программирование на PascalABC в школе. 7-10 классы.,Курс посвящён базовым понятиям и элементам языка программирования PascalABC. Рекомендован для учащихся школ.,ru,0,0.0,853,4.0,5,https://stepik.org/course/89354,{'Scala'},0.0,20.0
244,16243,Введение в Scala,"Scala - это идеальный баланс красоты, эффективности, продуктивности и прагматизма.
Познай возможность сочетания парадигм 
функционального и объектно-ориентированного программирования вместе со Scala!",ru,0,0.0,15926,4.36551724137931,145,https://stepik.org/course/16243,{'Scala'},0.0,633.0
245,287411,"Java + English: 4 урока, которые изменят всё! 10+","Знакомство с Java через аналогии из жизни + технический английский в каждом уроке. Без страха, без зубрёжки. Пишешь реальный код с первого урока.",ru,1,890.0,3,,0,https://stepik.org/course/287411,{'Java'},2670.0,0.0
246,287112,Программирование на языке Java для обучающихся 10-11 классов,"Курс «Программирование на Java» для 10-11 классов - это пошаговое введение в один из самых популярных языков программирования. Курс начинается с основ синтаксиса и заканчивается созданием полноценных приложений с графическим интерфейсом и базой данных. Ученики научатся писать чистый код, работать с данными, разрабатывать desktop-приложения и понимать принципы объектно-ориентированного программирования на практике.",ru,0,0.0,3,,0,https://stepik.org/course/287112,{'Java'},0.0,0.0
247,286635,Программирование на Java,"Курс по программированию на Java для учащихся 10-11 классов IT-профиля. Теория, практика и итоговый проект - все задания выполняются прямо в браузере без установки программ.",ru,0,0.0,5,,0,https://stepik.org/course/286635,{'Java'},0.0,0.0
248,283671,JAVA - техническая настройка рабочего места,"Технический фундамент для каждого Java-разработчика. В этом курсе вы с нуля настроите рабочее окружение: освоите терминал, установите актуальный JDK, научите систему видеть Java через переменные окружения и развернете мощную среду IntelliJ IDEA. Итог курса — ваш первый проект на Maven и полностью готовый компьютер для профессионального обучения программированию.",ru,0,0.0,16,5.0,7,https://stepik.org/course/283671,{'Java'},0.0,35.0
249,281408,Тестирование ПО: Ручное тестирование + Автоматизация на Java,"🎉💸 СКИДКА10 - введите ПРОМОКОД при покупке
🏅 Победитель Stepik Awards в номинации ""Прорыв года"".
ДОМАШНИЕ ЗАДАНИЯ ПРОВЕРЯЮТСЯ ЛИЧНО АВТОРОМ + более 500 тестов и задач на программирование! Много практики!
Данный курс подходит для тех, кто желает освоить очень востребованную и высокооплачиваемую профессию - Тестировщик ПО (QA engineer). Курс включает в себя обучение по ручному тестированию, базовому программированию на Java, автоматизации тестирования на Java используя популярный инструмент Selenium.",ru,1,6199.0,1,,0,https://stepik.org/course/281408,{'Java'},6199.0,0.0
250,278848,Java Stream API : тренажёр с нуля до уверенного уровня,"Stream API — одна из самых важных тем в Java, но многие разработчики используют его поверхностно или избегают из-за непонимания.

В этом курсе вы разберётесь со Stream API от основ до продвинутых техник и научитесь писать чистый, лаконичный и профессиональный код. Через практические задачи и разборы вы поймёте, как правильно использовать stream, когда он упрощает код, а когда — наоборот.

Курс построен как тренажёр: минимум воды, максимум практики и реальных сценариев.",ru,1,500.0,28,5.0,3,https://stepik.org/course/278848,{'Java'},14000.0,15.0
251,278484,Spring Security: архитектура безопасности Java приложений,"Spring Security — один из ключевых инструментов для обеспечения безопасности приложений на Java. Этот курс проведёт вас через весь путь работы с безопасностью в Spring: от базовых понятий и архитектуры фреймворка до реализации production-готовых решений.

Вы научитесь настраивать аутентификацию и авторизацию, работать с ролями и правами доступа, защищать приложение от распространённых уязвимостей, а также реализовывать современные механизмы безопасности, такие как JWT и OAuth2.",ru,1,1490.0,10,5.0,1,https://stepik.org/course/278484,{'Java'},14900.0,5.0
252,278445,Fullstack IoT разработчик: От датчика до Dashboard на JavaScript,"За один вечер ты напишешь сервер, подключишь реальный (или виртуальный) датчик, научишься обрабатывать данные и выведешь всё это в стильный 3D-интерфейс, где лампочки загораются по-настоящему",ru,1,2890.0,0,,0,https://stepik.org/course/278445,{'Java'},0.0,0.0
253,276000,Основы Java программирования,"Освойте Java с нуля или улучшите существующие знания. Вы начнёте писать код уже с первого урока, изучая материал через короткие и понятные примеры без перегрузки теорией. Курс проведёт вас от основ до объектно-ориентированного программирования, научит создавать программы, разбирать задачи и понимать, как работает код. В конце каждого урока — практика. Подходит новичкам и IT-специалистам, осваивающим Java.",ru,1,1320.0,4,5.0,1,https://stepik.org/course/276000,{'Java'},5280.0,5.0
254,275421,Java-тренажер: Exceptions ,"Краткий практикум по исключениям в Java: от основ иерархии Throwable до создания собственных checked/unchecked исключений. 
Разбираются лучшие практики обработки ошибок, антипаттерны и подходы к написанию диагностируемого, устойчивого кода. 
Курс построен на реальных примерах и закрывает ключевые пробелы в понимании механизма исключений.",ru,1,100.0,0,,0,https://stepik.org/course/275421,{'Java'},0.0,0.0
255,275402,JAVA ROADMAP | С Нуля до Middle 2026,"Структурированный roadmap по Java-разработке с нуля до уровня Middle. Без воды, без скачков по темам — только последовательное изучение того, что реально нужно в коммерческой разработке. Core Java, Spring Boot, базы данных, микросервисы, Docker, CI/CD. Всё, чтобы вы могли не просто писать код, а создавать системы, которые не падают под нагрузкой.",ru,0,0.0,499,5.0,1,https://stepik.org/course/275402,{'Java'},0.0,5.0
256,274740,Асинхронный JavaScript: работа с API на практике,"Освойте Асинхронность в JavaScript и научись уверенно работать с API: Promises, async/await, тестирование через Postman и Swagger, обработка ошибок и построение API-слоя.",ru,1,800.0,8,5.0,3,https://stepik.org/course/274740,"{'OpenAPI / Swagger', 'Java'}",6400.0,15.0
257,274681,Программирование на языке Java для обучающихся 10-11 классов,"Курс «Программирование на Java» для 10-11 классов — это пошаговое введение в один из самых популярных языков программирования. Курс начинается с основ синтаксиса и заканчивается созданием полноценных приложений с графическим интерфейсом и базой данных. Ученики научатся писать чистый код, работать с данными, разрабатывать desktop-приложения и понимать принципы объектно-ориентированного программирования на практике.",ru,0,0.0,7,,0,https://stepik.org/course/274681,{'Java'},0.0,0.0
258,274280,Java Stream API,"Основы Java Stream API. Краткий курс для Java-разработчиков: как строить конвейеры обработки данных — от filter/map/collect и reduce до Optional, примитивных и параллельных стримов без типичных ошибок.",ru,1,990.0,17,5.0,2,https://stepik.org/course/274280,{'Java'},16830.0,10.0
259,272271,Java. Курс TelegramBots + Spring Boot,"Практика. Открытая часть: TelegramBots + Spring Boot
Мы создадим с нуля телеграм-бот, который сохраняет состояние и работает с форматированными сообщениями. Интергирован с Spring Boot.",ru,0,0.0,39,,0,https://stepik.org/course/272271,{'Java'},0.0,0.0
260,272213,Next.js I: JavaScript 2026,"Освойте современный Next как понятный инструмент. Курс объясняет App Router так, чтобы без копипастов из документации понять логику роутинга, данных и рендеринга. Соберём проект по последним стандартам.",ru,1,1490.0,53,5.0,1,https://stepik.org/course/272213,{'Java'},78970.0,5.0
261,271057,JavaScript с нуля до уверенного разработчика,"Данный пакет курсов — это последовательная образовательная траектория по изучению JavaScript с нуля до уверенного уровня. Вы получите прочный фундамент языка: теорию, практику, тренажёры и тесты, необходимые для понимания JavaScript, решения реальных задач и подготовки к техническим собеседованиям. Пакет формирует системные знания, которые станут надёжной основой для дальнейшего изучения JavaScript и его экосистемы.",ru,1,5999.0,26,,0,https://stepik.org/course/271057,{'Java'},155974.0,0.0
262,270475,Java: вопросы для собеседований — обёртки и примитивы,"Этот курс посвящён одной часто проверяемых тем на технических собеседованиях по Java — различиям между примитивными типами и их классами-обёртками, а также тонкостям автоупаковки, распаковки, кэширования, сравнения и неизменяемости.",ru,0,0.0,6,,0,https://stepik.org/course/270475,{'Java'},0.0,0.0
263,270064,Основы разработки игр на Java,"Создайте свою первую игру на Java с нуля!
От установки окружения — до полноценной аркады с физикой и звуком. Практические уроки: рисуйте объекты, оживляйте анимацию, добавляйте управление с клавиатуры, обрабатывайте столкновения и реализуйте игровую логику. Никакой скучной теории — только код, который сразу превращается в видимый результат.",ru,1,700.0,9,5.0,1,https://stepik.org/course/270064,{'Java'},6300.0,5.0
264,269671,Практический Тренажер по работе с чужим кодом в JavaScript,"Практический курс по анализу чужого JavaScript-кода. Без текстовых условий и подсказок: только код, входные данные и ожидаемый результат. Вы научитесь понимать логику программ, находить ошибки и исправлять код в условиях, максимально приближённых к реальной работе и техническим собеседованиям.",ru,0,0.0,775,5.0,5,https://stepik.org/course/269671,{'Java'},0.0,25.0
265,269120,Java и многопоточность: Квест-курс для продвинутых,"Добро пожаловать в курс «Java Multithreading: Продвинутый уровень»! Этот курс — настоящий квест, где вы будете не просто изучать теорию, а проходить реальные вызовы, решая проблемы многопоточности в Java на каждом шаге. Подготовьтесь к увлекательному путешествию по миру потоков, синхронизации и оптимизации, где каждое задание приближает вас к статусу эксперта!",ru,0,0.0,21,5.0,3,https://stepik.org/course/269120,{'Java'},0.0,15.0
266,269119,Middle JavaScript Developer: Курс-квест,"Практико-ориентированный курс по JavaScript, построенный в формате квестов. Вы будете не просто изучать теорию, а проходить задания, приближенные к реальной разработке: от фронтенда до взаимодействия с API. Отличный выбор для тех, кто хочет перейти на уровень Middle и собрать сильное портфолио.",ru,0,0.0,22,5.0,2,https://stepik.org/course/269119,{'Java'},0.0,10.0
267,268686,java,,ru,0,0.0,0,,0,https://stepik.org/course/268686,{'Java'},0.0,0.0
268,267889,Программирование на Java для начинающих,"💻 Этот курс — ваш полный путь в мир Java. Мы начнем с установки программ и написания первой строки кода, а закончим созданием итогового консольного приложения, используя все основы языка: синтаксис, ООП, работу с файлами и коллекциями.

Идеально для старшеклассников, студентов и тех, кто хочет освоить первый язык программирования системно и на практике.",ru,1,2499.0,27,5.0,1,https://stepik.org/course/267889,{'Java'},67473.0,5.0
269,267395,"""Крестики-Нолики"" на HTML, CSS и JavaScript"," Ваш первый проект, который работает: от пустой страницы до красивой игры с анимациями. Здесь вы напишите логику, сделаете дизайн, поймёте, как связаны HTML, CSS и JavaScript в реальном проекте.

 Идеально для новичков и тех, кто хочет пополнить портфолио. Создайте игру за 1-2 дня, которую можно показать друзьям или добавить в резюме.",ru,1,100.0,8,,0,https://stepik.org/course/267395,{'Java'},800.0,0.0
270,266737,Программа: Web-разработка на Java [ Spring + Git + SQL ],"Java, Git, SQL — ключевые технологии backend-разработки. Освойте создание веб-сервисов на Spring Boot, работу с базами данных и контроль версий.",ru,1,6950.0,43,5.0,2,https://stepik.org/course/266737,"{'SQL', 'Java'}",298850.0,10.0
271,265922,Задачник: методы массивов в JavaScript (для начинающих),"Этот задачник — практическая тренировка по методам массивов в JavaScript.
Вместо длинной теории Вы сразу переходите к выполнению небольших, понятных задач, каждая из которых закрепляет конкретный метод: от базовых операций до поиска, фильтрации, преобразования и сортировки данных.

Подходит для новичков и уверенных начинающих, которые хотят научиться работать с массивами быстро, глубоко и на реальных практических примерах.",ru,1,300.0,57,5.0,3,https://stepik.org/course/265922,{'Java'},17100.0,15.0
272,265707,Задачник: объекты в JavaScript (для начинающих),"Научитесь уверенно работать с объектами в JavaScript на практике.
Задачник содержит десятки тщательно отобранных упражнений, которые помогут Вам овладеть ключевыми приёмами работы с объектами: создание, изменение, перебор, поиск, фильтрация и трансформация данных.",ru,1,300.0,142,5.0,3,https://stepik.org/course/265707,{'Java'},42600.0,15.0
273,265621,Классический JavaScript: теория → практика,"JavaScript: перестань бояться, начни программировать — Полный путь от новичка до уверенного разработчика. Курс проведёт вас от самых азов до продвинутых тем!",ru,0,0.0,71,,0,https://stepik.org/course/265621,{'Java'},0.0,0.0
274,264605,Фреймворки для тестирования на JavaScript,"🌷 ПРОМОКОД на 750 р  – ""ВЕСНА"" до 1 апреля 2026 г.🌷 JavaScript – самый популярный язык в веб-разработке на сегодня.  На его базе построены много топ фреймворков, которые широко используются тестировщиками для автоматизации тестирования веб-сайтов и приложений.",ru,1,1500.0,12,3.0,2,https://stepik.org/course/264605,{'Java'},18000.0,6.0
275,262997,Поколение Java,"Этот курс создан для тех, кто хочет уверенно войти в мир программирования и начать карьеру разработчика с одного из самых востребованных языков — Java. Мы шаг за шагом разберём базовые концепции программирования, научимся читать и писать код, понимать логику работы программ и избегать типичных ошибок новичков. В процессе обучения вы освоите синтаксис Java, работу с переменными, условиями, циклами, методами и объектно-ориентированным подходом. Курс построен на практике: вы будете писать собственные программы",ru,0,0.0,14,1.0,1,https://stepik.org/course/262997,{'Java'},0.0,1.0
276,262799,Автоматизация тестирования UI + API с Playwright и Java. Базовый,"Освойте автоматизацию тестирования UI + API на Java с Playwright. От основ до создания полноценного фреймворка с JUnit, Allure и CI/CD. Научитесь тестировать реальные UI и API. Строить эффективные автотесты. Обучение ориентированно на практическое применение знаний и навыков.",ru,1,3500.0,2,,0,https://stepik.org/course/262799,{'Java'},7000.0,0.0
277,262796,QA Automation Engineer: UI+API+BDD с Playwright на Java. Базовый,Освойте автоматизацию тестирования UI + API на Java с Playwright. Научитесь создавать тестовые фреймворки с Cucumber BDD. Научитесь тестировать реальные UI и API. Строить эффективные автотесты. Обучение ориентированно на практическое применение знаний и навыков.,ru,1,5000.0,7,,0,https://stepik.org/course/262796,{'Java'},35000.0,0.0
278,262599,Переменные и типы данных в JavaScript,"Курс знакомит с основами JavaScript: объявление переменных (let, const, var), типами данных (числа, строки, логические), областями видимости и правилами именования. Научитесь правильно хранить и изменять данные в программах.",ru,0,0.0,4,3.0,1,https://stepik.org/course/262599,{'Java'},0.0,3.0
279,261140,Java Core,Основы программирования на языке Java. Практические задачи. Курс в разработке - будут добавляться новые модули и уроки.,ru,0,0.0,61,,0,https://stepik.org/course/261140,{'Java'},0.0,0.0
280,260155,Чистый JavaScript: ошибки функций и их исправление на практике,"Практический курс по JavaScript. На примерах учимся находить ошибки в функциях, проводить рефакторинг и превращать сложный код в чистый, понятный и поддерживаемый. Курс подходит для начинающих разработчиков и для тех, кто уже имеет некоторый практический опыт в JavaScript.",ru,1,800.0,3,5.0,1,https://stepik.org/course/260155,{'Java'},2400.0,5.0
281,259683,Тестирование ПО: Автоматизация и Программирование. Java.Selenium,"🎉💸 СКИДКА10 - введите при покупке и получи скидку 🎉💸
ДОМАШНИЕ ЗАДАНИЯ ПРОВЕРЯЮТСЯ ЛИЧНО АВТОРОМ + задачи на программирования! Данный курс подходит для тех, кто желает изучить программирование на Java, а так же освоить востребованную и высокооплачиваемую профессию Тестировщика - автоматизатора, используя популярный инструмент для тестирования Selenium! Так же он подойдет для тех кто уже работает тестировщиком или в сфере IT и планирует сменить направление.",ru,1,3299.0,3024,5.0,3,https://stepik.org/course/259683,{'Java'},9976176.0,15.0
282,259539,"Веб-иштеп чыгуу жана үйрөнүү (HTML, CSS жана JavaScript)..","Бул курс веб-иштеп чыгуунун негиздерин үйрөнүүнү каалаган башталгычтар үчүн түзүлгөн. Анын ичинде сиз HTML, CSS жана JavaScript тилдерин терең түшүнүп, өз алдынча жөнөкөй, бирок заманбап веб-сайттарды түзө аласыз. Ар бир сабакта түшүнүктөр мисалдар менен түшүндүрүлөт, андан соң аларды практикада колдонуу мүмкүнчүлүгү берилет. Курстун соңунда сиз интернет баракчаларды түзүп, жасалгалап жана интерактивдүү элементтерди кошууну үйрөнөсүз.",ru,0,0.0,2,,0,https://stepik.org/course/259539,{'Java'},0.0,0.0
283,258552,Автоматизация тестирования API с Playwright на Java. Базовый,"Освойте автоматизацию тестирования API на Java с Playwright. От основ REST до создания полноценного фреймворка с JUnit, Allure и CI/CD. Научитесь тестировать реальные API, и строить эффективные автотесты. Обучение ориентированно на практическое применение знаний и навыков.",ru,1,2490.0,12,5.0,2,https://stepik.org/course/258552,"{'REST', 'Java'}",29880.0,10.0
284,258529,Автоматизация тестирования UI с Playwright на Java. Базовый,"Погрузитесь в автоматизацию тестирования на Java с мощной библиотекой Playwright. Освойте создание фреймворка, паттерны проектирования, интеграцию с Allure, JUnit и CI/CD. Обучение ориентировано на практическое применение знаний и навыков. Курс для QA Automation Engineer. Сертификат!",ru,1,2490.0,18,5.0,2,https://stepik.org/course/258529,{'Java'},44820.0,10.0
285,257389,JavaScript,"Полный курс по JavaScript: от основ синтаксиса и переменных до работы с функциями, объектами, массивами, DOM и JWT. Вы научитесь писать интерактивные веб-приложения и понимать, как работает современный фронтенд.",ru,1,299.0,3,,0,https://stepik.org/course/257389,{'Java'},897.0,0.0
286,255416,"HTML, CSS, JavaScript: старт в веб-разработку ","Этот курс даст полное и структурированное понимание HTML, CSS и JS  позволяя создавать современные, красивые и адаптивные веб-сайты.
Превратите свои идеи в рабочие и красивые сайты. ",ru,0,0.0,2,,0,https://stepik.org/course/255416,{'Java'},0.0,0.0
287,255410,Java и многопоточность: Квест-курс для продвинутых,"Добро пожаловать в курс «Java Multithreading: Продвинутый уровень»! Этот курс — настоящий квест, где вы будете не просто изучать теорию, а проходить реальные вызовы, решая проблемы многопоточности в Java на каждом шаге. Подготовьтесь к увлекательному путешествию по миру потоков, синхронизации и оптимизации, где каждое задание приближает вас к статусу эксперта!",ru,1,1000.0,3,5.0,1,https://stepik.org/course/255410,{'Java'},3000.0,5.0
288,255392,"Frontend-разработка: основы HTML, CSS и JavaScript","Данный курс предназначен для начинающих и направлен на формирование базовых знаний и практических навыков в области клиентской веб-разработки. В ходе обучения слушатели познакомятся с принципами работы веб-технологий и научатся создавать собственные веб-страницы с нуля.
Программа курса охватывает три ключевые технологии frontend-разработки: HTML, CSS и JavaScript.",ru,0,0.0,3,5.0,1,https://stepik.org/course/255392,{'Java'},0.0,5.0
289,254933,Готовая профессия Java-разработчик. От обучения к работе.,"Курс «Готовая профессия Java-разработчик» собрал всё самое важное, чтобы вы не теряли время на лишнюю теорию и сразу шли к практике:

- Введение в профессию Java-разработчика

- Экосистема Java (JDK, JVM, JRE)

- Основы программирования и объектно-ориентированное мышление

- Переменные, типы данных, управляющие конструкции

- Работа с базами данных и SQL

- Популярные фреймворки (Spring, Hibernate)

- Создание первых приложений и отладка кода

- Настройка окружения, тестирование и многое другое.",ru,0,0.0,116,4.894736842105263,19,https://stepik.org/course/254933,"{'SQL', 'Java'}",0.0,93.0
290,254709,JavaScript для начинающих,"Сжатый курс, который рассказывает про основы JavaScript. 
Пройдя курс, вы сможете принимать и выводить информацию, работать с циклами, условиями и создавать свои функции.
=======
В курсе нет сложных слов и долгих практик, поймет любой, даже ребенок.
",ru,0,0.0,76,5.0,4,https://stepik.org/course/254709,{'Java'},0.0,20.0
291,254281,Программа: Java-разработчик [ Java + ООП + SQL + Linux + Git ],"Программируете на Java или интересуетесь этим языком? В данной учебной программе Вы не только с нуля изучите сам язык Java, но и научитесь работать с данными (SQL), управлять сервером (Linux), контролировать версии кода (Git).",ru,1,8290.0,105,5.0,2,https://stepik.org/course/254281,"{'SQL', 'Java'}",870450.0,10.0
292,254261,"Java Часть 3 (Наследование, Полиморфизм и Enum)","🚀 Продвиньтесь в изучении Java! Научитесь использовать наследование, полиморфизм, интерфейсы и enum для создания гибкого и масштабируемого кода. Идеально для тех, кто уже освоил основы и хочет прокачать навыки объектно-ориентированного программирования. 💡",ru,1,1150.0,132,5.0,4,https://stepik.org/course/254261,{'Java'},151800.0,20.0
293,253935,Middle JavaScript Developer: Курс-квест,"Практико-ориентированный курс по JavaScript, построенный в формате квестов. Вы будете не просто изучать теорию, а проходить задания, приближенные к реальной разработке: от фронтенда до взаимодействия с API. Отличный выбор для тех, кто хочет перейти на уровень Middle и собрать сильное портфолио.",ru,1,1000.0,5,,0,https://stepik.org/course/253935,{'Java'},5000.0,0.0
294,253160,Программа: Frontend-разработка [ JavaScript + Git + GitHub ],"Ваш старт во фронтэнд разработке. Освойте JavaScript с нуля до продвинутого уровня, работу с Git и станьте востребованным специалистом. Курс подходит для начинающих разработчиков и верстальщиков. Научитесь создавать интерактивные сайты, работать с API и управлять проектами в GitHub.",ru,1,4900.0,157,5.0,3,https://stepik.org/course/253160,"{'GitHub', 'Java'}",769300.0,15.0
295,252709,Java для начинающих: Путь к автоматизации тестирования,"Изучите основы Java с нуля! В этом курсе вы научитесь работать с переменными, типами данных, операторами и циклами, а также освоите основные принципы объектно-ориентированного программирования. Курс подготовит вас к переходу в мир автоматизации API и тестирования с использованием Java.",ru,0,0.0,31,,0,https://stepik.org/course/252709,{'Java'},0.0,0.0
296,252695,Java IT-куб,,ru,0,0.0,111,5.0,1,https://stepik.org/course/252695,{'Java'},0.0,5.0
297,252586,Java: подготовка к собеседованию (тесты и задачи),"Подготовка к собеседованию по Java. Курс основан на подготовке к экзамену Oracle Java Foundations (1Z0-811): разберёте основы Java, от операторов и типов данных до управления потоком, исключений и коллекций.",ru,1,399.0,20,5.0,2,https://stepik.org/course/252586,"{'SQL', 'Oracle', 'Java'}",7980.0,10.0
298,252514,Тест IT-компетенций (уровень Middle): Java Core вплоть до JDK22,Набор из 30 тестовых задач по Java Core для Middle-разработчиков; примерно на уровне экзамена Oracle Certified Professional (OCP) 1Z0-830 по SE21. Удобен для проверки соответствия требованиям Минцифры. Сопровождается видеоразбором ответов.,ru,0,0.0,57,,0,https://stepik.org/course/252514,"{'SQL', 'Oracle', 'Java'}",0.0,0.0
299,252223,Java Language Deep Dive — Язык и его эволюция,"Добро пожаловать!
Этот курс — ваш первый шаг в освоении одного из самых востребованных языков программирования в мире — Java. Мы не просто расскажем вам «как писать код». Мы поможем вам думать как программист.

Этот курс предназначен не для абсолютных новичков, а для тех, кто уже имеет базовый опыт работы с Java. Мы не будем с нуля учить, как писать ""Hello, World!"", но сделаем акцент на деталях, которые часто упускают на практике.",ru,1,2000.0,1,,0,https://stepik.org/course/252223,{'Java'},2000.0,0.0
300,252144,"Javascript. Часть 5 (Методы массивов, работа с данными)","🎯 Прокачай работу с данными в JS: map/filter/reduce, flatMap, сортировки, группировки и агрегаты — всё на живых примерах без «воды». Освой понятные паттерны и преврати массивы в чистый, быстрый код с практикой и мини-кейсами — от первых шагов до продакшена. 🚀",ru,1,900.0,139,,0,https://stepik.org/course/252144,{'Java'},125100.0,0.0
301,251927,"Основы веб-разработки (HTML, CSS, JavaScript)","Изучите основы веб‑разработки с нуля: создавайте красивые адаптивные сайты, реализуйте интерактивность на JavaScript и публикуйте проекты в сети. Практический курс с пошаговыми уроками, примерами кода и итоговым портфолио — идеальный старт для будущего фронтенд‑разработчика.",ru,1,450.0,6,,0,https://stepik.org/course/251927,{'Java'},2700.0,0.0
302,251870,Программирование на Java,"Полный вводный курс по программированию на Java — от установки среды до создания реальных приложений. Поймёте синтаксис языка, принципы ООП, работу с коллекциями, обработку исключений и ввод/вывод. Множество практических примеров, тестовых заданий и мини‑проектов, чтобы уверенно сделать первые шаги в IT.",ru,1,450.0,7,,0,https://stepik.org/course/251870,{'Java'},3150.0,0.0
303,251418,JavaScript,"Данное тестирование направлено на проверку знаний и навыков работы с языком программирования JavaScript. Оно включает вопросы теоретического и практического характера, позволяющие оценить понимание основ синтаксиса, работы с переменными и прочего.",ru,0,0.0,53,,0,https://stepik.org/course/251418,{'Java'},0.0,0.0
304,251297,Базовая Java: С нуля до уверенного Junior-разработчика,"Курс обеспечит подготовку Java-разработчика с нуля до уверенного владения приемами объектно-ориентированного программирования. Объем и тематика как минимум соответствуют – а по многим аспектам и превышают! – семестровые вузовские программы аналогичного содержания. Инструктор с более чем 20-летним стажем преподавания; доходчивые объяснения, внятные примеры и демки, упор на кодинг.",ru,1,2300.0,20,,0,https://stepik.org/course/251297,{'Java'},46000.0,0.0
305,250497,Практикум по JavaScript,"Интерактивный тренажёр по JavaScript для продолжающих: практические задачи по ядру языка, структурам данных и управлению асинхронностью. Каждое задание — краткая теория, пример, шаблон кода и автопроверка.",ru,1,1290.0,5,,0,https://stepik.org/course/250497,{'Java'},6450.0,0.0
306,249740,"Как сделать сайт на HTML, CSS, JavaScript, PHP и SQL",В этом курсе вы узнаете как создать сайт и как подключить базу данных к сайту.,ru,0,0.0,174,4.0,2,https://stepik.org/course/249740,{'Java'},0.0,8.0
307,249700,Основы JavaScript на примере реальных проектов,"Учим основы по бесплатному учебнику Ильи Кантора https://learn.javascript.ru/ , затем в моём курсе смотрим каждую тему на примере кода моих реальных проектов. По окончании, переходите к прохождению моего бесплатного куса по фулстек-разработке веб-сервиса на TypeScript, Reaсt, Node.js, чтобы стать реальным программистом",ru,1,1000.0,155,4.75,4,https://stepik.org/course/249700,{'Java'},155000.0,19.0
308,249000,Основы JavaScript: для новичков,"Курс «Основы JavaScript» предлагает последовательное знакомство с базовыми концепциями языка программирования JavaScript. В рамках курса рассматриваются основы синтаксиса, переменные, условия, циклы, функции, массивы и объекты.",ru,1,800.0,6,,0,https://stepik.org/course/249000,{'Java'},4800.0,0.0
309,248324,Краткая библия Java Script разработчика,"После множества проведенных собеседований. После сотен объяснений, ревью кода и работы с малокфалифицированными разработчиками на фрилансе. Я понял что ошибки и проблемы одни и те же по кругу. В модулях курса я постарался максимально подробно и доступно расписать (с примерами) как делать хорошо, а как плохо, и что надо знать чтобы все таки стать этим middle frontend developer в полной мере.",ru,1,990.0,0,,0,https://stepik.org/course/248324,{'Java'},0.0,0.0
310,247700,Автотестирование на JavaScript (Cypress),Освой автоматизированное тестирование с Cypress и JavaScript без скучных лекций. Меньше теории — больше кода и практики!,ru,1,1250.0,65,5.0,4,https://stepik.org/course/247700,{'Java'},81250.0,20.0
311,247607,Java OOP: полный курс,"Изучите основы и продвинутые концепции объектно-ориентированного программирования на Java. Курс охватывает ключевые темы, такие как наследование, инкапсуляция, полиморфизм и абстракция, а также практические примеры и задачи. Проходите курс в удобном для себя темпе и закрепляйте знания на практике.",ru,0,0.0,167,5.0,1,https://stepik.org/course/247607,{'Java'},0.0,5.0
312,247486,Твой JavaScript PRO,"Вторая часть нашего уникального курса по JavaScript! Этот курс — твой ключ к мастерству в одном из самых востребованных языков программирования. Глубокое понимание всех аспектов JavaScript, без лишней воды и сложных терминов - это то что нужно. Задачи, тесты, простые и увлекательные объяснения помогут в эффективном  и интересном обучении.
Присоединяйся к сообществу JS-разработчиков и открой для себя мир возможностей.
Начни изучать JavaScript сегодня — это твой верный шаг к успешной карьере в IT!",ru,1,4500.0,485,4.909090909090909,11,https://stepik.org/course/247486,{'Java'},2182500.0,54.0
313,247399,JavaScript Тест. Готовимся к собеседованию,"Проверьте свои знания JavaScript! Тесты с ответами и объяснениями, которые помогут подготовиться к собеседованию и закрыть пробелы в знаниях.",ru,0,0.0,315,5.0,8,https://stepik.org/course/247399,{'Java'},0.0,40.0
314,244991,Playwright на Java + Cucumber BDD: Создание автотестов с нуля,"Вы создадите фреймворк для автоматизации тестирования на Java с использованием библиотеки Playwright и других интересных инструментов. Научитесь интегрировать Playwright с Java, Spring, Cucumber и Docker для создания комплексных тестовых решений. Освоите инструменты для генерации отчетов о тестировании.",ru,1,2000.0,26,5.0,1,https://stepik.org/course/244991,{'Java'},52000.0,5.0
315,244753,Базовые алгоритмы с примерами на JavaScript и TypeScript,"Данный курс - это моя попытка адаптировать книгу ""Грокаем Алгоритмы"" для разработки на JavaScript и TypeScript",ru,0,0.0,135,5.0,1,https://stepik.org/course/244753,{'Java'},0.0,5.0
316,244691,JavaScript - курс для начинающих,"Курс с большим количеством практических задач, удобный для самостоятельного изучения. Вас ждут красочные иллюстрации, научно-фантастическая тематика задач и индивидуальные проекты.",ru,1,199.0,128,,0,https://stepik.org/course/244691,{'Java'},25472.0,0.0
317,244416,Оценка Java разработчика,"Оцените свои знания и навыки в Java-разработке с нашим комплексным опросником, который подходит как для начинающих специалистов, готовящихся к собеседованиям, так и для опытных разработчиков, желающих обновить знания и освоить новые технологии. Пройдите тест и узнайте, на каком уровне вы находитесь!",ru,1,350.0,13,5.0,3,https://stepik.org/course/244416,{'Java'},4550.0,15.0
318,243796,Apache Kafka Java: Продвинутый,"Освойте курс на профессиональном уровне. Ускорьте производительность, Exactly-Once и Кафка Streams. Интегрируйте с контейнеризацией. Оптимизируйте кластер, Debezium, мониторинг в Grafana. Разбор кейсов из production. Изучите топ-техники уровня senior. Разберите сложные системы: транзакции, Real-Time аналитику. Сертификат.",ru,1,1500.0,208,5.0,5,https://stepik.org/course/243796,"{'Kafka', 'Java'}",312000.0,25.0
319,243770,Java для начинающих,"🚀 Полный путь Java-разработчика — от первого кода до уверенного владения ООП и коллекциями!
Научись создавать программы с нуля, работай с объектами, строй гибкую архитектуру и управляй данными как профи. Всё это — в одном курсе, пошагово, понятно и на практике. 💻✨",ru,1,3375.0,19,,0,https://stepik.org/course/243770,{'Java'},64125.0,0.0
320,243713,Продвинутый JavaScript,"Этот курс для тех, кто уже знаком с основами JavaScript, но хочет освоить продвинутые техники, которые используют senior-разработчики. Вы разберётесь с тонкостями Event Loop, научитесь писать эффективный асинхронный код, оптимизировать производительность и применять малоизвестные, но мощные возможности языка.",ru,0,0.0,4,,0,https://stepik.org/course/243713,{'Java'},0.0,0.0
321,243393,Основы JavaScript,"Освоите JavaScript от базового синтаксиса до продвинутых концепций: научитесь работать с функциями, массивами и объектами, создавать интерактивные приложения, тестировать и оптимизировать код. Подготовитесь к задачам коммерческой разработки и собеседованиям на ИТ-вакансии. Курс подойдет для тех, кто хочет развиваться в веб-разработке и работать в ИТ",ru,0,0.0,212,3.0,1,https://stepik.org/course/243393,{'Java'},0.0,3.0
322,243197,Java Часть 4 (Коллекции),"🚀 Java Коллекции: от списков до сортировки! Погрузитесь в мир List, Set и Map, научитесь управлять данными, писать гибкий и читаемый код, и даже создадите собственную коллекцию! Практика, наглядность и ни капли скуки 💡🧩",ru,1,1150.0,140,5.0,1,https://stepik.org/course/243197,{'Java'},161000.0,5.0
323,276321,"Сети и серверы: Linux, Cisco, BASH-скрипты и SSH.","✅Программа состоит из четырех практических курсов, которые научат вас уверенно управлять Linux системами, настраивать корпоративные сети на оборудовании Cisco и автоматизировать рутинные задачи с помощью Bash-скриптов. Мы погрузимся в мир современных технологий, используемых ежедневно тысячами компаний по всему миру!",ru,1,7500.0,13,,0,https://stepik.org/course/276321,{'Bash'},97500.0,0.0
324,269972,AprilSec: Основы Bash,"Трансформация из ручного тестировщика в автономную боевую единицу. Забудьте про GUI - здесь мы работаем руками. Курс охватывает весь фундамент, необходимый QA и Junior DevOps: навигация в Linux, права доступа, управление процессами, сетевая диагностика (curl) и автоматизация рутины на Bash. 

Вы научитесь читать логи, находить причины падения серверов и писать скрипты, которые экономят часы работы. Станьте специалистом, которого невозможно заменить.",ru,0,0.0,3,,0,https://stepik.org/course/269972,{'Bash'},0.0,0.0
325,269000,Bash: работа со скриптами (основы),"38 уроков! Освойте автоматизацию в Linux! Этот курс научит вас писать мощные и надежные скрипты на Bash — от простых команд до сложных циклов, условий, функций и планирования задач. Подойдёт для системных администраторов, DevOps и всех, кто хочет управлять Linux эффективно и с умом.",ru,1,1500.0,45,5.0,2,https://stepik.org/course/269000,{'Bash'},67500.0,10.0
326,260534,Bash для DevOps: Инженерный практикум,"Практический курс, который обучает Bash через реальные задачи DevOps-инженера: мониторинг системы, анализ логов, автоматизацию повседневных операций, работу с API, резервное копирование и мини-CI. Каждый модуль курса сочетает теорию и практику через инженерные задания, а в финале студенты создают сквозной проект — многофункциональный Bash-инструмент syscheck, объединяющий мониторинг, лог-анализ, резервирование и отчётность. Курс рассчитан на подготовку DevOps-инженеров уровня Junior и формирует портфолио.",ru,1,1499.0,0,,0,https://stepik.org/course/260534,{'Bash'},0.0,0.0
327,249604,BASH - скрипты: Магия автоматизации,"✅Хотите научиться автоматизировать рутинные задачи, управлять системами и создавать мощные скрипты? Тогда этот курс для вас! Bash-скрипты — это ключ к повышению вашей продуктивности и эффективности в работе с командной строкой.",ru,1,1990.0,101,5.0,4,https://stepik.org/course/249604,{'Bash'},200990.0,20.0
328,237798,Developer PRO: Python‑разработчик + Алгоритмы + Bash/Git,"Комплексная программа из трёх курсов: Алгоритмы и структуры данных, Python для профессионалов, Bash + Git. Всё, что нужно, чтобы стать Python‑разработчиком middle‑уровня",ru,1,8490.0,21,5.0,1,https://stepik.org/course/237798,"{'Bash', 'Python'}",178290.0,5.0
329,234948,Bash Linux + Git: от новичка до уверенного пользователя,Освоим два важнейших инструмента разработчика: применение bash-скриптов в практических задачах и git в его самых разных проявлениях.,ru,1,2490.0,181,4.8,5,https://stepik.org/course/234948,{'Bash'},450690.0,24.0
330,222599,Основы написания bash-скриптов,"На данном небольшом курсе Вы изучите самые основы написания bash-скриптов в системе linux. Мы последовательно рассмотрим переменные, условия, циклы, поработаем с функциями и массивами. Вся теория подаётся максимально кратко и просто, с большим количеством примеров кода и задачами для закрепления.",ru,1,690.0,179,4.6,15,https://stepik.org/course/222599,{'Bash'},123510.0,69.0
331,194327,"Bash скрипты, основы","Мечтаете овладеть мощным инструментом для автоматизации, администрирования и разработки? Хотите уверенно чувствовать себя в мире Linux и Unix-подобных систем? Этот курс Bash – это ваш ключ к успеху!",ru,1,1000.0,6,5.0,1,https://stepik.org/course/194327,{'Bash'},6000.0,5.0
332,185651,"Bash командная строка, анализ логов","Вы научитесь работать в командной строке linux. Познакомитесь с множеством команд для поиска файлов, их просмотра.",ru,1,4500.0,1,5.0,1,https://stepik.org/course/185651,{'Bash'},4500.0,5.0
333,181507,Linux - администрирование - Bash: кладовая полезных знаний,"В этом курсе вас ожидает неформальное путешествие в мир системного администрирования на базе GNU/Linux. Основным нашим инструментом станет Bash — мы не просто освоим его возможности, но и подружимся с ним на практике. Вместе разберём ключевые задачи, стоящие перед системными и сетевыми администраторами, а также погрузимся в теоретические аспекты устройства систем, сетей и основ кибербезопасности.",ru,0,0.0,20169,4.875968992248062,129,https://stepik.org/course/181507,{'Bash'},0.0,629.0
334,175404,Работа в командной строке на Bash,"Вы научитесь работать в командной строке linux. Познакомитесь с множеством команд для поиска файлов, их просмотра.",ru,1,3300.0,6,4.333333333333333,6,https://stepik.org/course/175404,{'Bash'},19800.0,26.0
335,230632,Data Warehouse Analytics Engineer (DWH) на базе dbt,"Изучите один из самых востребованных инструментов аналитики, решая сложные практические задачи, научитесь DataOps-практикам, постройте хранилище данных на базе dbt, подготовьте и проанализируйте данные.",ru,0,0.0,626,4.333333333333333,3,https://stepik.org/course/230632,{'DWH'},0.0,13.0
336,285876,NoSQL: Основы,"Путеводитель в мир NoSQL: от теории к осознанному выбору.
Этот курс — ваш понятный старт в мире NoSQL. Мы без сложной терминологии разберем, почему «не только таблицы» — это круто, и как современные приложения справляются с огромными нагрузками.",ru,1,500.0,1,5.0,1,https://stepik.org/course/285876,{'SQL'},500.0,5.0
337,283311,Основы SQL для тестировщика,"Курс для тестировщиков и начинающих аналитиков, которые хотят научиться работать с базами данных и писать SQL-запросы. Вы изучите все необходимое: от SELECT и JOIN до подзапросов и индексов. 8 модулей, 20+ практических заданий, финальный тест. Подходит для новичков без опыта.",ru,0,0.0,184,4.5,4,https://stepik.org/course/283311,{'SQL'},0.0,18.0
338,282574,MySQL негіздері: Деректер қорымен жұмыс (Практикалық курс),"Бұл курс MySQL деректер қорын басқару жүйесін нөлден бастап меңгеруге арналған. Оқушылар деректер типтерін, кесте құруды және SQL сұраныстары арқылы мәліметтерді басқаруды практикалық тапсырмалар арқылы үйренеді.",ru,0,0.0,17,,0,https://stepik.org/course/282574,"{'SQL', 'MySQL'}",0.0,0.0
339,282518,Практический SQL. Часть 5. Оптимизация и собеседования,"Оптимизация SQL, EXPLAIN, анти-паттерны, debugging и большой interview-блок уровня medium/hard с понятными разборами и уровнями задач.",ru,0,0.0,73,,0,https://stepik.org/course/282518,{'SQL'},0.0,0.0
340,282517,Практический SQL. Часть 4. Оконные функции и бизнес-кейсы,"Ранжирование, накопления, LAG, прикладные кейсы доставки, маркетплейса и финтеха. Много сложной, но объяснимой практики.",ru,0,0.0,71,,0,https://stepik.org/course/282517,{'SQL'},0.0,0.0
341,282516,Базы данных за 3 дня: от SQL до S3,"Базы данных для тех, кто боится слов ACID и JOIN.
Реляционные, NoSQL, транзакции, шардинг, S3 — без скучных лекций. Поймёте, как хранить данные, не терять их и выбирать правильную БД под свою задачу. Всё простым языком, с примерами и аналогиями. Курс на 2–3 дня.",ru,1,1890.0,4,5.0,1,https://stepik.org/course/282516,{'SQL'},7560.0,5.0
342,282514,Практический SQL. Часть 3. CTE и продуктовая аналитика,"CTE, продуктовые метрики, воронки и retention. Теория по шагам, визуализации и практические задачи на аналитику продукта.",ru,0,0.0,71,,0,https://stepik.org/course/282514,"{'SQL', 'Продуктовые метрики'}",0.0,0.0
343,282513,"Практический SQL. Часть 2. JOIN, CASE и подзапросы","JOIN, CROSS JOIN, CASE, строковые функции, даты и интервалы, подзапросы IN/EXISTS/NOT IN. Много задач на реальные паттерны связи таблиц.",ru,0,0.0,69,,0,https://stepik.org/course/282513,{'SQL'},0.0,0.0
344,282512,Практический SQL. Часть 1. Основа запросов,"SELECT, WHERE, ORDER BY, агрегаты, GROUP BY, HAVING. Понятная теория, визуальные схемы и много практики на базовых паттернах SQL.",ru,0,0.0,75,5.0,1,https://stepik.org/course/282512,{'SQL'},0.0,5.0
345,282385,Архитектура миграций: от SQL-скриптов до Goose,"Этот курс посвящён миграциям баз данных в SQL (на примере MySQL) — ключевому инструменту разработки, без которого невозможно поддерживать и развивать реальные проекты.

Вы научитесь не просто писать SQL-запросы, а управлять схемой базы данных как профессиональный разработчик: безопасно изменять таблицы, добавлять поля, работать с данными и избегать критических ошибок в production.

Курс построен на практике: каждая тема закрепляется задачами, максимально приближенными к реальным сценариям из разработки.",ru,0,0.0,2,,0,https://stepik.org/course/282385,"{'SQL', 'MySQL'}",0.0,0.0
346,282146,SQL Оконные функции,"Курс поможет вам освоить современные методы анализа данных и продвинутые возможности SQL. Вы научитесь работать с оконными функциями, функциями смещения, ранжирования, накопительными вычислениями и сложной обработкой данных внутри SQL-запросов.",ru,1,999.0,432,5.0,6,https://stepik.org/course/282146,{'SQL'},431568.0,30.0
347,281040,Бизнес-аналитика с SQL и Metabase,"Погружаемся в бизнес-аналитику на языке SQL с помощью Metabase - мощной системы анализа и визуализации данных. 

Учимся строить отчеты и готовить дашборды полезные для бизнеса. 💪",ru,1,6590.0,20,5.0,1,https://stepik.org/course/281040,{'SQL'},131800.0,5.0
348,280745,Data Quality: находим ошибки в данных с помощью SQL,"За 1–2 часа научитесь находить ошибки в данных с помощью SQL: NULL, дубликаты, неверные значения и сломанные связи.
Практика на реальном датасете. Без настройки: всё в DuckDB",ru,0,0.0,108,5.0,1,https://stepik.org/course/280745,{'SQL'},0.0,5.0
349,279994,SQL с нуля до практики,"Пакет включает два курса: SQL для начинающих с основами работы с базами данных и практический тренажер по SQL с реальными задачами. Теория закрепляется практикой, что помогает быстро и уверенно начать работать с SQL.",ru,1,1999.0,33,,0,https://stepik.org/course/279994,{'SQL'},65967.0,0.0
350,279399,Практический Тренажер по SQL,"Практический тренажёр по SQL, где вы учитесь через реальные задачи, а не теорию. Вместо абстрактных примеров, работа с данными пользователей, заказов и продуктов, как в реальных компаниях. Вы будете писать запросы, анализировать данные и постепенно переходить от простых выборок к полноценным аналитическим задачам.",ru,0,0.0,1864,4.916666666666667,12,https://stepik.org/course/279399,{'SQL'},0.0,59.0
351,279151,"SQL Часть 4. (Аналитика, оконные функции на реальных примерах)","Освойте оконные функции в SQL на реальных задачах 🚀 Научитесь считать метрики без потери строк, строить рейтинги, анализировать динамику и работать с данными как настоящий аналитик 📊
",ru,1,885.0,190,5.0,1,https://stepik.org/course/279151,{'SQL'},168150.0,5.0
352,279063,Оптимизация в PostgreSQL: просто о сложном,"Курс для начинающих, который объясняет, как работает оптимизация в PostgreSQL: планы выполнения, индексы, join-алгоритмы и практические приемы ускорения запросов.",ru,0,0.0,83,,0,https://stepik.org/course/279063,"{'SQL', 'PostgreSQL'}",0.0,0.0
353,278476,"Курс SQL часть 3. Аналитика, архитектура и транзакции","Практический курс по SQL 3 часть: оконные функции, оптимизации индексов и управления транзакциями (ACID). Научитесь писать чистый код, проектировать архитектуру баз данных и решать реальные бизнес-задачи без ""воды"".",ru,1,100.0,196,5.0,9,https://stepik.org/course/278476,{'SQL'},19600.0,45.0
354,277733,Практический SQL тренажер,Практикуйтесь в решении SQL-задач на примере базы данных небольшого интернет-магазина. Тут только практика и более 60 задач по разным тематикам.,ru,0,0.0,267,5.0,8,https://stepik.org/course/277733,{'SQL'},0.0,40.0
355,277583,SQL и реляционные БД,"Практический курс по SQL и реляционным базам данных без привязки к конкретной СУБД. Вы научитесь уверенно работать с данными: писать запросы для выборки, фильтрации и агрегации, соединять таблицы, использовать подзапросы, CTE и оконные функции, а также понимать принципы проектирования схем и влияния запросов на производительность. Знания из курса применимы в разных системах (MySQL, PostgreSQL, SQL Server и др.) и подходят как для аналитики, так и для разработки.",ru,1,2490.0,58,,0,https://stepik.org/course/277583,"{'SQL', 'PostgreSQL', 'MySQL'}",144420.0,0.0
356,276840,База SQL просто и быстро,"Базовый курс по SQL для тех, кто совсем не знаком с базами данных. Самый нужный для старта материал объясняется быстро и понятно, без воды.",ru,1,3700.0,1,,0,https://stepik.org/course/276840,{'SQL'},3700.0,0.0
357,276715,DuckDB на практике: SQL-аналитика прямо в Python и файлах,"Анализируем CSV, Parquet и JSON  без сервера, без загрузки в базу и без боли. Курс проходится за один вечер: и сразу в работу. ",ru,1,1290.0,22,4.666666666666667,6,https://stepik.org/course/276715,{'SQL'},28380.0,28.0
358,276460,Программа: Django-разработчик [ Git + Django + SQL + DRF ],"Освойте профессиональную веб-разработку на Django 5 с нуля: SQL, Git, Django, DRF. 7 практических курсов, 5 проектов в портфолио и поддержка авторов. Стартуйте в карьере Python-разработчика.",ru,1,6997.0,52,,0,https://stepik.org/course/276460,"{'SQL', 'Python'}",363844.0,0.0
359,276009,Мастер Dune SQL: от Intermediate до Advanced + Поиск альфы,"Перейдите от теории к созданию востребованных аналитических продуктов на Dune Analytics.

В программе:
    Live-данные: Работа с актуальными сетями (ETH, Solana, BNB).
    Методология: Пошаговый разбор SQL от базовых SELECT до сложных объединений данных.
    Портфолио: К концу курса у вас будут готовые дашборды для демонстрации заказчикам или работодателям.
",ru,1,3000.0,0,,0,https://stepik.org/course/276009,{'SQL'},0.0,0.0
360,273828,Базы данных в Python: SQL + SQLAlchemy,Базы данных: от SQL к ORM. Путь от основ языка запросов до профессиональной работы с данными в Python через SQLAlchemy. 4 курса для полного погружения.,ru,1,4990.0,49,,0,https://stepik.org/course/273828,"{'SQL', 'Python'}",244510.0,0.0
361,272963,Система данных в Yandex Cloud: Airflow + PostgreSQL + DataLens,"Постройте полноценную аналитическую систему в Yandex Cloud с нуля.
От первого запроса к API до готового дашборда в DataLens.
Это не демо и не игрушка в sandbox, а реальный проект с production-подходом.",ru,1,2490.0,28,4.5,4,https://stepik.org/course/272963,"{'SQL', 'PostgreSQL', 'Airflow'}",69720.0,18.0
362,271838,PostgreSQL для аналитиков: продвинутая работа с временными рядам,"Цели курса
Научить:
•	эффективно анализировать временные ряды;
•	применять продвинутые методы агрегации;
•	оптимизировать запросы для больших объёмов данных;
•	строить аналитические отчёты прямо в PostgreSQL.
",ru,0,0.0,57,,0,https://stepik.org/course/271838,"{'SQL', 'Временные ряды', 'PostgreSQL'}",0.0,0.0
363,270334,PRO SQL,Курс по основам SQL с поддержкой. Поработаем с базой данных MySQL — одной из самых популярных баз данных. Будем делать базу данных Stepik.,ru,0,0.0,5537,4.944444444444445,36,https://stepik.org/course/270334,"{'SQL', 'MySQL'}",0.0,178.0
364,270167,"SQL для аналитики “как в проде” (оконки, витрины, оптимизация)","Курс про то, как писать аналитический SQL так, чтобы запросы были корректными по grain, предсказуемыми (детерминированными), без дублей, готовыми к ревью, и при этом не умирали по производительности на реальных объёмах. Фокус не на “SELECT для начинающих”, а на продовых паттернах: сложные JOIN, оконные функции, дедупликация, SCD/история, инкрементальные витрины, чтение EXPLAIN и типовые анти‑паттерны.",ru,1,2490.0,8,5.0,1,https://stepik.org/course/270167,{'SQL'},19920.0,5.0
365,270042,Аналитик данных: SQL с нуля до уверенного владения,"SQL — это фундамент работы с данными в 2024 году. Без него невозможно представить современную аналитику, data-driven маркетинг или работу с продуктом. Этот курс даст вам не просто знание синтаксиса, а навык решения бизнес-задач.

Для кого этот курс:
• Начинающие аналитики, которые хотят закрепить основу.
• Маркетологи, менеджеры и продуктологи, уставшие зависеть от других в получении данных.
• Все, кто хочет сменить профессию и войти в IT через востребованное направление Data Analytics.",ru,0,0.0,3,,0,https://stepik.org/course/270042,{'SQL'},0.0,0.0
366,269743,OVER (оконки): SQL для Избранных - PRO,"Станьте частью 5% разработчиков, которые действительно понимают оконные функции. От базового ROW_NUMBER до сложной оптимизации «островов» и скользящих средних на миллионах строк. Практика уровня Middle+, которая превращает хаос в данные.",ru,1,990.0,30,5.0,2,https://stepik.org/course/269743,{'SQL'},29700.0,10.0
367,269469,Практический анализ данных на SQL и Python,"Курс учит полному циклу анализа данных, хорошо систематизирует знания и даёт полную картину на основе реальных задач, а также понимание, в каких ситуациях какие инструменты и методы применять.",ru,1,2490.0,7,,0,https://stepik.org/course/269469,{'SQL'},17430.0,0.0
368,269275,SQL и устройство Баз Данных: подготовка к собеседованиям,"SQL — это только начало. Поймите, как устроены индексы, транзакции и масштабирование БД и уверенно отвечайте на вопросы на технических собеседованиях.",ru,1,1500.0,12,5.0,1,https://stepik.org/course/269275,{'SQL'},18000.0,5.0
369,267480,Программа: Kotlin-разработчик [ Kotlin + Git + SQL + Linux ],"Kotlin-разработчик: создавайте кросс-платформенные приложения на KMP, работайте с базами данных, используйте Linux и Git. Полный стек для мобильной и мультиплатформенной разработки.",ru,1,9890.0,21,,0,https://stepik.org/course/267480,{'SQL'},207690.0,0.0
370,267055,PHP и PostgreSQL: Интеграция для крупных систем,"Погрузитесь в интеграцию PHP и PostgreSQL через формат квестов! Научитесь строить масштабируемые, производительные и безопасные серверные решения. Курс охватывает всё — от базового подключения до оптимизации, работы с большими объемами данных и построения взаимодействия с внешними API. Подходит для начинающих разработчиков и системных интеграторов.",ru,0,0.0,25,5.0,2,https://stepik.org/course/267055,"{'SQL', 'PostgreSQL'}",0.0,10.0
371,266780,"SQL детектив для QA. Кто ""убил"" деда Мороза?","Практический курс по SQL для QA: SELECT, JOIN, GROUP BY, подзапросы и оконные функции на примере детективного расследования.",ru,0,0.0,1198,4.6231884057971016,69,https://stepik.org/course/266780,{'SQL'},0.0,319.0
372,265711,DBeaver — лучшая IDE для SQL: быстрый старт,"Курс по DBeaver: Полное руководство от установки до проф. уровня. Вы научитесь подключаться к разным СУБД (ClickHouse, PostgreSQL), писать и форматировать SQL-запросы, работать с данными через интерфейс, строить ER-диаграммы, экспортировать данные и настраивать IDE под себя. Практика на реальных публичных базах данных. Идеально для аналитиков и разработчиков.",ru,0,0.0,2376,4.7611940298507465,67,https://stepik.org/course/265711,"{'SQL', 'PostgreSQL'}",0.0,319.0
373,265676,Решение задач в Leet code на PostgreSQL,"Курс посвящён разбору практических SQL-задач формата LeetCode. Для каждой задачи представлены формулировка условия, видео-обзор решения с подробными пояснениями, тесты для проверки понимания логики запроса и краткое методическое саммэри. Курс ориентирован на системное освоение приёмов SQL и развитие навыков аналитического мышления.",ru,1,1500.0,7,,0,https://stepik.org/course/265676,"{'SQL', 'PostgreSQL'}",10500.0,0.0
374,263455,SQL с нуля: от основ к реальным проектам,"Хотите уверенно работать с данными? Наш курс даст вам фундамент — язык SQL. Вы узнаете, как устроены базы данных, и получите практические навыки",ru,0,0.0,6,,0,https://stepik.org/course/263455,{'SQL'},0.0,0.0
375,263247,Программа: Разработчик C++ [ +Git +Linux +SQL ],"C++, Linux, Git, SQL — освойте ключевые технологии разработчика. Научитесь писать код, разрабатывать проекты, управлять базами данных и автоматизировать задачи в командной строке.",ru,1,2990.0,70,,0,https://stepik.org/course/263247,{'SQL'},209300.0,0.0
376,262455,Инструменты тестировщика [ Postman + SQL + Git + Linux ],"Инструменты тестировщика: освойте Postman для тестирования API, Linux для работы с серверами, Git для контроля версий и SQL для проверки данных. То, что нужно для старта в QA.",ru,1,2990.0,46,,0,https://stepik.org/course/262455,{'SQL'},137540.0,0.0
377,262426,SQL и реляционные БД (PostgreSQL),"Практический курс по SQL и реляционным базам данных на примере PostgreSQL. Вы научитесь уверенно работать с данными: писать запросы, проектировать таблицы, настраивать связи, оптимизировать запросы и понимать, как устроена база данных изнутри.",ru,1,1490.0,131,,0,https://stepik.org/course/262426,"{'SQL', 'PostgreSQL'}",195190.0,0.0
378,261667,Автоматизация тестирования ПО с Нуля на Python. Selenium+API+SQL,"🎉💸 СКИДКА10 - введите ПРОМОКОД при покупке
🏅 Победитель Stepik Awards в номинации ""Прорыв года"".
ДОМАШНИЕ ЗАДАНИЯ ПРОВЕРЯЮТСЯ ЛИЧНО АВТОРОМ + более 400 задач на программирование и тестов!
Данный курс подходит для тех, кто желает изучить программирование на Python 3, а так же освоить очень востребованную и высокооплачиваемую профессию Тестировщика-автоматизатора, используя популярные инструменты для тестирования Selenium и Requests! Освоите работу с базами данных и SQL-запросами через работу в Python.",ru,1,8899.0,25,,0,https://stepik.org/course/261667,"{'SQL', 'Python'}",222475.0,0.0
379,261656,Практикум SQL для своих,"Курс закрытый, для поддержки лекционного курса, помогает отработать примеры использования запросов на языке SQL",ru,0,0.0,101,2.0,4,https://stepik.org/course/261656,{'SQL'},0.0,8.0
380,261381,Data Science с использованием PostgreSQL и Python,"Курс по машинному обучению и глубинному обучению предоставляет глубокие знания о методах и алгоритмах, необходимых для анализа данных, построения предсказательных моделей и применения технологий искусственного интеллекта в реальных задачах. Участники изучат основные концепции, такие как обучение с учителем и без учителя, работу с нейронными сетями и их оптимизацию, а также реализацию проектов с использованием популярных библиотек Python, таких как scikit-learn и TensorFlow. ",ru,0,0.0,119,,0,https://stepik.org/course/261381,"{'SQL', 'sklearn', 'PostgreSQL', 'Python'}",0.0,0.0
381,261266,Продвинутый SQL,Курс по SQL. Курс в виде квестов. Мы так опробовали этот формат обучения и он очень реальный работающий метод. Сильно отличается от простого чтения и программирования. Набор опыта происходит намного быстрее,ru,0,0.0,47,5.0,2,https://stepik.org/course/261266,{'SQL'},0.0,10.0
382,260403,Программа: Web-разработка на Python [ FastAPI + Git + SQL ],"Создавайте мощные API на FastAPI, работайте с базами данных и освойте Git для командной разработки. Станьте полноценным бэкенд-разработчиком.",ru,1,6990.0,145,,0,https://stepik.org/course/260403,{'SQL'},1013550.0,0.0
383,259507,SQL-квест: «Инцидент Чёрной Пятницы»,"Практический мини SQL-квест про деньги. Ты оказываешься в ночном кризисе e-commerce: маркетинг рисует «рекорд выручки», CFO требует честные цифры без фрода, а безопасность кричит про айпи-фермы и кешбэк-скрутки. Твоя задача — написать запросы, которые отличают реальную выручку от грязной, и именно эти цифры завтра пойдут наверх.",ru,1,990.0,33,5.0,2,https://stepik.org/course/259507,{'SQL'},32670.0,10.0
384,259327,Метрикум: расчёт и применение (SQL&Python),"Научитесь извлекать бизнес-инсайты из данных с помощью SQL&Python: DAU, MAU, ARPU, Retention, LTV. Практический курс.",ru,1,1290.0,54,4.333333333333333,3,https://stepik.org/course/259327,"{'SQL', 'Python'}",69660.0,13.0
385,257682,Грокаем паттерны SQL-собеседований,"Подготовься к ролям Data Scientist, AI/ML Engineer, Data Engineer и Data Analyst, освоив SQL-паттерны, которые ожидают ведущие IT-компании. Решай практические задачи, применяй проверенные стратегии и углубляй понимание концепций, чтобы выделяться на конкурентных собеседованиях.

Курс учит не заучивать синтаксис, а видеть SQL-паттерны, применять их к реальным кейсам и уверенно решать задачи собеседований через практику, бизнес-сценарии и приёмы оптимизации из больших data-команд.

Готовься и забирай оффер!",ru,1,1390.0,16,5.0,1,https://stepik.org/course/257682,{'SQL'},22240.0,5.0
386,257206,Базы данных sql ,"«SQL с нуля: первый шаг в мир баз данных» — это вводный курс, который проведёт вас от полного непонимания того, что такое базы данных, до уверенного написания собственных SQL-запросов. Вы научитесь создавать таблицы, работать с первичными и внешними ключами, обеспечивать уникальность данных и получать нужную информацию из базы с помощью языка запросов. Всё обучение построено на простых примерах и сопровождается интерактивными заданиями с автоматической проверкой.",ru,0,0.0,93,5.0,8,https://stepik.org/course/257206,{'SQL'},0.0,40.0
387,257140,OVER (оконки): SQL для Избранных,"Что такое оконные функции SQL? Зачем они нужны? Какие они бывают и как с ними работать?
Всё максимально доступно и понятно.",ru,0,0.0,1040,4.951219512195122,41,https://stepik.org/course/257140,{'SQL'},0.0,203.0
388,257029,Курс SQL часть 2. Продвинутые запросы и объединение таблиц,"Перейдите на новый уровень владения SQL! Этот курс — логическое продолжение ""Основ SQL"", предназначенное для тех, кто хочет научиться решать сложные аналитические задачи. Вы освоите самую важную тему — объединение таблиц (JOIN), научитесь агрегировать данные (GROUP BY), строить вложенные запросы и использовать мощные функции для обработки данных.",ru,0,0.0,1869,4.897435897435898,78,https://stepik.org/course/257029,{'SQL'},0.0,382.0
389,256950,SQL для собеседований,"Практический курс по SQL для прохождения технических интервью. Пройдёте путь от базовых запросов до сложных оконных функций и научитесь решать задачи в условиях ограниченного времени. Освоите всё, что спрашивают на собеседованиях: выборки, соединения, агрегацию, подзапросы, CTE и оконные функции.",ru,1,12990.0,18,5.0,1,https://stepik.org/course/256950,{'SQL'},233820.0,5.0
390,256721,SQL & Python,"Курс «Основы SQL и работа с базами данных в Python и PostgreSQL» предназначен для начинающих.
Вы узнаете, как создавать таблицы, писать SQL-запросы, фильтровать и объединять данные.
Во второй части курса изучите работу с PostgreSQL в pgAdmin и подключение из Python через библиотеку psycopg2.
Практические задачи помогут закрепить материал и подготовиться к работе с реальными базами данных в веб-проектах.",ru,0,0.0,902,4.5,10,https://stepik.org/course/256721,"{'SQL', 'PostgreSQL', 'Python'}",0.0,45.0
391,256433,Программа: 1С-разработчик + SQL + Git,"Освой профессионально не только все инструменты 1С-разработчика, но и сопутствующие технологии: базы данных (SQL), контроль версий кода (Git)!",ru,1,8400.0,42,,0,https://stepik.org/course/256433,"{'SQL', '1C'}",352800.0,0.0
392,256007,Курс SQL часть 1. Основы и работа с данными,"Хотите научиться работать с базами данных с нуля? Этот курс — ваш первый и самый важный шаг в мир SQL. Мы простым языком объясним, как устроены данные, и научим вас писать запросы для их извлечения, фильтрации и изменения. Вы освоите SELECT, WHERE, INSERT, UPDATE, DELETE и научитесь создавать свои таблицы. Никакой воды — только необходимые знания и много практики для старта карьеры в IT и аналитике.",ru,0,0.0,2544,4.980891719745223,157,https://stepik.org/course/256007,{'SQL'},0.0,782.0
393,255749,"SQL от А до Я: на примере базы данных банка, 300 задач","Полный практический курс по SQL, около 300 задач, построенных вокруг единой базы данных, которая растёт вместе с вашими знаниями. Вы фокусируетесь на SQL, а не тратите время на изучение новых таблиц.
Вы начнёте с простых SELECT и дойдёте до продвинутых аналитических запросов. 
Подробная теория, наглядные примеры и сотни интерактивных заданий с автопроверкой помогут уверенно освоить SQL на практике.",ru,1,1990.0,22,5.0,1,https://stepik.org/course/255749,{'SQL'},43780.0,5.0
394,255542,PostgreSQL для разработчиков: от основ к созданию API,"⚙️ **PostgreSQL для разработчиков: от основ к созданию API**  

Овладейте самой мощной, надёжной и гибкой СУБД — и научитесь строить полноценные API-решения на её основе.  

📚 Что внутри курса:
- Понимание внутренней структуры PostgreSQL: как хранятся данные, что такое индексы, транзакции и блокировки  
- Практика разработки: от SQL-запросов до сложных запросов с JOIN, подзапросов и оконных функций  
- Оптимизация запросов и планов: как добиться высокой производительности на больших объёмах данных",ru,1,2890.0,43,2.0,2,https://stepik.org/course/255542,"{'SQL', 'PostgreSQL'}",124270.0,4.0
395,255411,Бенчмаркинг PostgreSQL: Выбор сервера для нагрузки,"Погрузитесь в курс-квест, где вы станете исследователем производительности PostgreSQL. Вас ждёт серия практических заданий, в которых вы проведёте реальные бенчмарки, сравните конфигурации серверов и решите, какая инфраструктура выдержит заданную нагрузку. Каждая глава — это миссия, каждая задача — шаг к мастерству. Отличный старт для тех, кто хочет не просто знать, а уметь.",ru,1,1000.0,6,5.0,1,https://stepik.org/course/255411,"{'SQL', 'PostgreSQL'}",6000.0,5.0
396,255409,Квест-курс: PostgreSQL для продвинутых,"Погрузитесь в захватывающее путешествие по самым продвинутым возможностям PostgreSQL, в котором вы будете не просто изучать теорию, а проходить через реальные задачи и квесты. В каждом модуле вас ждут сложные, но увлекательные ""мини-боссы"", которые помогут вам закрепить полученные знания и применить их на практике.",ru,1,1000.0,7,5.0,1,https://stepik.org/course/255409,"{'SQL', 'PostgreSQL'}",7000.0,5.0
397,255408,PHP и PostgreSQL: Интеграция для крупных систем,"Погрузитесь в интеграцию PHP и PostgreSQL через формат квестов! Научитесь строить масштабируемые, производительные и безопасные серверные решения. Курс охватывает всё — от базового подключения до оптимизации, работы с большими объемами данных и построения взаимодействия с внешними API. Подходит для начинающих разработчиков и системных интеграторов.",ru,1,1000.0,3,5.0,1,https://stepik.org/course/255408,"{'SQL', 'PostgreSQL'}",3000.0,5.0
398,255396,PostgreSQL под нагрузкой — от ноды до кластера,Освойте полный цикл работы с PostgreSQL под высокой нагрузкой: от настройки отдельного узла до построения отказоустойчивого и масштабируемого кластера с репликацией и шардированием.,ru,1,1000.0,7,5.0,1,https://stepik.org/course/255396,"{'SQL', 'PostgreSQL'}",7000.0,5.0
399,255218,Продуктовая аналитика — SQL,"Сборник задач по SQL для подготовки к собеседованию на продуктового аналитика. В курсе собраны задачи в том виде, в котором они могут попасться на технической секции интервью.",ru,0,0.0,1353,4.9655172413793105,29,https://stepik.org/course/255218,{'SQL'},0.0,144.0
400,255038,Data-аналитик с нуля: Python и SQL на практике,"Python и SQL с нуля до профи! 🚀 На курсе ты не просто изучишь синтаксис, а решишь сотни задач, разберёшь реальные кейсы и соберёшь проекты в портфолио. Всё, чтобы стать уверенным дата-аналитиком и прокачать карьеру.",ru,1,11608.0,8,,0,https://stepik.org/course/255038,"{'SQL', 'Python'}",92864.0,0.0
401,254865,"Тест Middle: Python, PostgreSQL, Redis, Git","Этот курс предназначен для проверки и оценки знаний Python-разработчиков уровня Middle. Он поможет выявить уязвимости в знаниях, определить пробелы в темах, а также понять, что требует углубленного изучения. Курс не является экзаменом, а служит инструментом для самооценки и определения направлений для развития. Вопросы охватывают ключевые навыки, необходимые для успешного прохождения собеседований на позицию Middle Python-разработчика💬",ru,1,199.0,7,4.0,1,https://stepik.org/course/254865,"{'SQL', 'PostgreSQL', 'Python'}",1393.0,4.0
402,254840,Продуктовая аналитика — SQL PRO,"200+ задач по SQL для подготовки к собеседованию на продуктового аналитика с возможностью посмотреть решение. В курсе собраны задачи в том виде, в котором они могут попасться на технической секции интервью.
Количество задач постоянно растёт.",ru,1,1759.0,26,4.333333333333333,3,https://stepik.org/course/254840,{'SQL'},45734.0,13.0
403,254544,Golang + SQLx: построение высоконагруженных сервисов,"Этот курс позволит вам освоить работу с Golang и SQLx для построения высоконагруженных backend-сервисов.
SQLx
CRUD-операции
транзакции и уровни изоляции
конкурентное программирование (горутины, каналы, мьютексы)
оптимизация SQL-запросов
индексирование и кэширование
архитектура высоконагруженных сервисов
балансировка нагрузки
асинхронная обработка
масштабирование сервисов
администрирование кластеров
мониторинг и логирование
резервное копирование
обеспечение безопасности
CI/CD",ru,1,13990.0,36,5.0,1,https://stepik.org/course/254544,{'SQL'},503640.0,5.0
404,254330,Практическое применение PL/SQL Developer,"Цель изучения курса:
Формирование у студентов компетенций в области разработки, отладки и оптимизации хранимых процедур, функций и пакетов на языке PL/SQL с использованием среды разработки PL/SQL Developer.",ru,0,0.0,4,,0,https://stepik.org/course/254330,{'SQL'},0.0,0.0
405,254086,SQL для собеседований | Изи гайд по аналитике,"Курс для тех, кто хочет пройти собеседование по SQL на аналитика данных, BI или DWH и получить оффер в IT компанию. Здесь собраны самые частые типы задач из интервью в IT: от простых запросов и объединений таблиц до подзапросов и оконных функций",ru,0,0.0,2336,4.962962962962963,27,https://stepik.org/course/254086,"{'SQL', 'DWH'}",0.0,134.0
406,254013,Технические навыки продуктового аналитика: SQL+практический кейс,"Этот практический курс поможет вам систематизировать знания SQL и применить их для решения конкретных задач продуктового аналитика. Вы не будете изучать SQL ""вообще"", а сосредоточитесь на том, что действительно нужно на практике: расчете ключевых метрик, построении воронок и сегментации. Пройдя 35 интерактивных задач, вы получите четкое понимание того, как данные превращаются в полезные для бизнеса инсайты.",ru,1,2850.0,13,,0,https://stepik.org/course/254013,{'SQL'},37050.0,0.0
407,253830,Расширенные SELECT запросы в PostgreSQL,"Курс охватывает основные понятия и техники работы с SQL, включая создание и манипуляцию базами данных, использование индексов для оптимизации производительности, анализ выполнения запросов и применение оконных функций для продвинутой аналитики данных.",ru,0,0.0,225,3.5,6,https://stepik.org/course/253830,"{'SQL', 'PostgreSQL'}",0.0,21.0
408,253575,SQL для работы с данными,"Практический курс SQL от основ до профессионального уровня. Изучите PostgreSQL и ClickHouse, освойте оконные функции, JOIN, подзапросы и оптимизацию запросов. Для начинающих аналитиков, SQL--разработчиков и будущих Data инженеров.",ru,1,2890.0,73,5.0,1,https://stepik.org/course/253575,"{'SQL', 'PostgreSQL'}",210970.0,5.0
409,253541,"Разработка микросервиса: Spring Boot, Kafka, Docker, PostgreSQL",Курс по разработке и запуску микросервисного приложения на Spring Boot - от написания приложения до деплоя на сервера.,ru,0,0.0,4,,0,https://stepik.org/course/253541,"{'SQL', 'PostgreSQL', 'Kafka'}",0.0,0.0
410,251856,СУБД PostgreSQL: SQL запросы. Профессиональный практикум,"Этот практикум предназначен для тех, кто хочет научиться решать сложные задачи с нетривиальными алгоритмами. Если вы готовы погрузиться в мир SQL и выйти на новый уровень мастерства — этот курс для вас.",ru,1,990.0,5,,0,https://stepik.org/course/251856,"{'SQL', 'PostgreSQL'}",4950.0,0.0
411,249225,PostgreSQL Express. Основы. Для разработчика,"Этот курс предназначен для начинающих разработчиков, желающих освоить работу с реляционными базами данных на примере PostgreSQL - от базовых понятий до анализа и оптимизации SQL-запросов.

В этом курсе в ускоренном режиме показали основные самые базовые и нужные кейсы.
",ru,1,1590.0,29,5.0,2,https://stepik.org/course/249225,"{'SQL', 'PostgreSQL'}",46110.0,10.0
412,248685,Основы SQL: Управление данными в PostgreSQL 18 (курс),"Курс SQL с нуля: освой PostgreSQL для IT и анализа данных! 🚀

Научитесь работать с базами данных: от установки и создания таблиц до сложных запросов с JOIN, агрегатами и транзакциями. 💻 Практические уроки с примерами помогут уверенно манипулировать данными и оптимизировать запросы.

Получите востребованные навыки для карьеры в IT: аналитика, разработка и не только! 💫 

Начните свой путь в IT сегодня! 🌟



",ru,1,200.0,16,5.0,1,https://stepik.org/course/248685,"{'SQL', 'PostgreSQL'}",3200.0,5.0
413,244917,PostgreSQL,"🗂️ Полный курс по работе с PostgreSQL — одной из самых популярных СУБД. Вы изучите SQL с нуля, познакомитесь с архитектурой PostgreSQL, научитесь писать запросы, управлять данными, выполнять администрирование, обеспечивать безопасность и оптимизировать производительность.",ru,1,899.0,49,2.5,2,https://stepik.org/course/244917,"{'SQL', 'PostgreSQL'}",44051.0,5.0
414,243689,Основы PL/Python в СУБД PostgreSQL,"Курс по изучению процедурного расширения PL/Python в PostgreSQL идеально подойдет тем, кто хочет создавать сложную бизнес-логику непосредственно в базе данных и повышать эффективность работы при помощи языка Python.",ru,1,3500.0,16,5.0,2,https://stepik.org/course/243689,"{'Python', 'SQL', 'PostgreSQL'}",56000.0,10.0
415,242188,Обработка исключение и ошибок в PostgreSQL,"Курс посвящён освоению обработки ошибок в PostgreSQL с помощью PL/pgSQL. Вы научитесь создавать функции и процедуры с надёжной обработкой исключений, логированием ошибок и контролем транзакций. Практические задания помогут закрепить навыки управления целостностью данных, обеспечивая устойчивость и информативность приложений. Курс включает теорию, подробный разбор синтаксиса, примеры кода и тестовые задания для проверки знаний.",ru,0,0.0,90,,0,https://stepik.org/course/242188,"{'SQL', 'PostgreSQL'}",0.0,0.0
416,242080, Работа с JSON и JSONB в PostgreSQL,"Курс посвящен глубокому изучению работы с JSON и JSONB в PostgreSQL, включая их особенности, применение в реальных проектах, оптимизацию запросов, отказоустойчивость и масштабируемость. Участники научатся эффективно хранить и извлекать данные, использовать функции и операторы JSON, а также адаптировать архитектуру приложений для достижения лучших результатов.",ru,0,0.0,186,2.0,2,https://stepik.org/course/242080,"{'SQL', 'PostgreSQL'}",0.0,4.0
417,240151,SQL и PostgreSQL,"Полный курс по SQL на примере PostgreSQL — от создания простых запросов до проектирования надёжной архитектуры баз данных, настройки безопасности, производительности и интеграции с приложениями. Подходит как для новичков, так и для тех, кто хочет систематизировать и углубить знания в реальных проектах.",ru,1,1490.0,92,4.666666666666667,3,https://stepik.org/course/240151,"{'SQL', 'PostgreSQL'}",137080.0,14.0
418,238743,Функции в PostgreSQL,"Этот курс предназначен для студентов и специалистов, желающих освоить концепции и применение функций в PostgreSQL. Мы рассмотрим создание, использование и оптимизацию функций, а также различные их типы и особенности.",ru,0,0.0,84,,0,https://stepik.org/course/238743,"{'SQL', 'PostgreSQL'}",0.0,0.0
419,236967,Путь джедая: Пробуждение Силы в базах данных PostgreSQL,"Программа включает в себя несколько курсов по изучению СУБД PostgreSQL. Обучение начинается с основ языка SQL, и плавно переходит к процедурному расширению PL/pgSQL, которое позволяет создавать процедуры, функции и триггеры для автоматизации бизнес-логики и построения эффективных баз данных.",ru,1,9500.0,20,5.0,2,https://stepik.org/course/236967,"{'SQL', 'PostgreSQL'}",190000.0,10.0
420,236479,"PostgreSQL — ""От нуля до уровня Python-разработчика""","От азов SQL до продвинутых возможностей PostgreSQL: вы научитесь проектировать таблицы и ключи, писать корректные и быстрые запросы, использовать агрегаты и JOIN, применять подзапросы и оконные функции, читать планы выполнения и оптимизировать производительность. Разберётесь в транзакциях, уровнях изоляции и блокировках. Курс даёт прочную основу для Python-разработчика: от аналитических выборок до уверенной работы с базой в реальных проектах.",ru,1,1199.0,1207,4.791666666666667,24,https://stepik.org/course/236479,"{'Python', 'SQL', 'PostgreSQL'}",1447193.0,115.0
421,233458,Глубокое изучение конструкции WITH (PostgreSQL),"Курс «Глубокое изучение конструкции WITH (CTE) в PostgreSQL» предлагает участникам возможность освоить использование Common Table Expressions (CTE) для улучшения структуры и производительности SQL-запросов. Участники узнают, как использовать CTE для упрощения сложных запросов, повышения читаемости кода и оптимизации выполнения операций с большими объемами данных. Курс охватывает основные концепции, практические примеры и методы анализа производительности запросов, включая сравнение CTE с обычными подзапроса",ru,0,0.0,170,4.5,4,https://stepik.org/course/233458,"{'SQL', 'PostgreSQL'}",0.0,18.0
422,230082,Оптимизация производительности и безопасности в PostgreSQL,"Курс ""Основы PostgreSQL"" предоставляет глубокие знания о системах управления базами данных на примере PostgreSQL. Участники изучат ключевые концепции, такие как создание и управление базами данных, работа с запросами, индексация и оптимизация производительности. Курс охватывает также вопросы репликации, включая настройку потоковой репликации для обеспечения высокой доступности и резервирования данных. Практические примеры и задачи помогут закрепить теоретические знания, делая обучение эффективным и увлекате",ru,0,0.0,225,,0,https://stepik.org/course/230082,"{'SQL', 'PostgreSQL'}",0.0,0.0
423,227757,Приложения в стиле material design на KivyMD Python+PostgreSQL,"Курс по KivyMD (Python) познакомит вас с созданием кроссплатформенных приложений. Вы изучите основы работы с фреймворком Kivy, познакомитесь с PostgreSQL для хранения и управления данными. В рамках курса вы разработаете три проекта, которые помогут закрепить знания на практике: от создания пользовательского интерфейса до работы с базами данных. Курс подойдёт как начинающим, так и программистам, желающим расширить свои навыки.",ru,1,1850.0,7,,0,https://stepik.org/course/227757,"{'Python', 'SQL', 'PostgreSQL'}",12950.0,0.0
424,222711,Управление и оптимизация PostgreSQL,"Курс ""Управление и оптимизация PostgreSQL"" предлагает глубокое погружение в администрирование и оптимизацию баз данных. Участники изучат ключевые аспекты настройки, управления пользователями и ролями, а также настройки прав доступа и ограничения, чтобы обеспечить безопасность данных. В курс также входят темы, связанные с производительностью, включая индексирование, управление транзакциями и оптимизацию запросов. Практические примеры и задания помогут закрепить полученные знания, что позволит эффективно прим",ru,1,2500.0,4,3.0,1,https://stepik.org/course/222711,"{'SQL', 'PostgreSQL'}",10000.0,3.0
425,220823,Основы работы с SQL на примере PostgreSQL,"Курс познакомит вас с основами SQL и PostgreSQL. Вы научитесь создавать и управлять базами данных, выполнять запросы на выборку и изменение данных, работать с соединениями и подзапросами. Курс охватывает также оптимизацию запросов, индексы, транзакции и безопасность. Практические задания помогут закрепить знания. Идеален для начинающих, желающих освоить работу с реляционными базами данных.",ru,1,750.0,23,5.0,1,https://stepik.org/course/220823,"{'SQL', 'PostgreSQL'}",17250.0,5.0
426,218952,Основы PostgreSQL,"Курс предоставляет углубленное изучение PostgreSQL — мощной реляционной базы данных с открытым исходным кодом. Участники освоят установку, настройку и управление базами данных, а также ключевые аспекты SQL, включая:
- CRUD-операции (Создание, Чтение, Обновление, Удаление).
- Соединения (JOIN) для работы с несколькими таблицами.
- Операции над множествами (UNION, INTERSECT, EXCEPT).
- Триггеры и хранимые процедуры для автоматизации процессов.
- Оптимизацию запросов и работу с индексами.",ru,0,0.0,380,4.8,5,https://stepik.org/course/218952,"{'SQL', 'PostgreSQL'}",0.0,24.0
427,218240,"Сайт рецептов Django, DRF, React, Docker,Gunicorn, Postgresql","В курсе рассмотрим готовый проект с описанием. Проект приближен к реальной разработке. Направлен на самостоятельную доработку проекта.
 У пользователя будет возможность создавать рецепты, добавлять их в Избранное и корзину для покупок, подписываться на других пользователей. 

  
  
  
  
  
",ru,1,15000.0,1,5.0,1,https://stepik.org/course/218240,"{'SQL', 'PostgreSQL'}",15000.0,5.0
428,212230,Оконные функции в PostgreSQL,Курс по изучению и практическому применению оконных функций в системе управления базами данных PostgreSQL.,ru,1,750.0,7,4.0,1,https://stepik.org/course/212230,"{'SQL', 'PostgreSQL'}",5250.0,4.0
429,212061,XML в PostgreSQL,Курс по изучению и практическому применению расширяемого языка разметки XML (eXtensible Markup Language) в системе управления базами данных PostgreSQL.,ru,1,750.0,17,5.0,2,https://stepik.org/course/212061,"{'SQL', 'PostgreSQL'}",12750.0,10.0
430,212043,JSON в PostgreSQL,Курс по изучению и практическому применению текстового формата обмена данными JSON (JavaScript Object Notation) в системе управления базами данных PostgreSQL.,ru,1,750.0,35,4.0,4,https://stepik.org/course/212043,"{'SQL', 'PostgreSQL'}",26250.0,16.0
431,210661,Основы PL/pgSQL в СУБД PostgreSQL,"Курс по изучению процедурного расширения PL/pgSQL в СУБД PostgreSQL. Основная концепция PL/pgSQL заключается в том, чтобы преодолеть ограничения языка SQL и предоставить разработчикам новые возможности для работы с базами данных.",ru,1,4300.0,56,5.0,7,https://stepik.org/course/210661,"{'SQL', 'PostgreSQL'}",240800.0,35.0
432,210533,"Путь К Стартапу: Telebot, ChatGPT, PostgreSQL, Сервера, Платежи","Мечтаете о своем IT-стартапе, но не знаете с чего начать? Этот курс — ваш идеальный старт! В ходе уроков я предоставлю все необходимые знания для вашего первого крупного проекта, чтобы вы уверенно двигались вперед в мире разработки.",ru,1,849.0,25,5.0,2,https://stepik.org/course/210533,"{'SQL', 'PostgreSQL'}",21225.0,10.0
433,208455,Модуль Psycopg2 в Python для работы с базами данных PostgreSQL,Модуль psycopg2 в Python позволяет взаимодействовать с базами данных PostgreSQL. Чтобы начать работу с модулем psycopg2 нужно установить его из репозитория PyPi.org,ru,1,600.0,551,4.791666666666667,24,https://stepik.org/course/208455,"{'Python', 'SQL', 'PostgreSQL'}",330600.0,115.0
434,207878,SQL и PostgreSQL: практический курс,"SQL и PostgreSQL от нуля до продвинутого уровня. 200+ упражнений: SQL-задачи с автопроверкой в БД и тесты на понимание. Видео + текстовые конспекты + практика. Оконные функции, CTE, подзапросы, VIEW, транзакции, индексы - темы, которые спрашивают на собеседованиях.",ru,1,1990.0,159,4.666666666666667,12,https://stepik.org/course/207878,"{'SQL', 'PostgreSQL'}",316410.0,56.0
435,206413,PostgreSQL для начинающих: от основ SQL до администрирования БД,"Курс «PostgreSQL для начинающих: от основ SQL до администрирования баз данных» предоставляет комплексное введение в мир одной из самых мощных и гибких реляционных СУБД.

Он охватывает все аспекты работы с PostgreSQL, начиная от основ SQL и заканчивая продвинутыми методами администрирования баз данных.

По окончании курса вы сможете эффективно использовать PostgreSQL для разработки и поддержки сложных баз данных в различных сферах деятельности.",ru,1,1999.0,27,3.6666666666666665,3,https://stepik.org/course/206413,"{'SQL', 'PostgreSQL'}",53973.0,11.0
436,204101,Погружение в базы данных PostgreSQL,"Курс по изучению языка SQL на примере популярной СУБД PostgreSQL, отлично подойдёт для начинающих специалистов и действующих разработчиков, которые желают расширить свои знания в области баз данных.",ru,1,4300.0,134,5.0,7,https://stepik.org/course/204101,"{'SQL', 'PostgreSQL'}",576200.0,35.0
437,186522,SQL и PostgreSQL с нуля — от SELECT до сложных запросов,"Практический курс по SQL и PostgreSQL для начинающих — подойдёт даже тем, кто никогда раньше не работал с базами данных. Вы научитесь писать SQL-запросы с нуля: SELECT, JOIN, GROUP BY, подзапросы, CTE и оконные функции. Курс построен на реальной учебной базе данных и включает 199 теоретических тестов и 175 практических SQL-заданий с автопроверкой. ~20 часов практики. Курс можно пройти за 3-5 недель в спокойном темпе (5-7 часов в неделю)",ru,1,2590.0,20,,0,https://stepik.org/course/186522,"{'SQL', 'PostgreSQL'}",51800.0,0.0
438,186181,Базы данных и SQL с нуля до профи PostgreSQL,"В данном курсе вы пройдете основы работы с базами данных, которые должен знать любой начинающий прикладной разработчик.",ru,1,3490.0,25,4.0,3,https://stepik.org/course/186181,"{'SQL', 'PostgreSQL'}",87250.0,12.0
439,184845,"Сайт рецептов Django, DRF, React, Docker,Gunicorn, Postgresql","В курсе рассмотрим готовый проект с описанием. Проект приближен к реальной разработке. Направлен на самостоятельную доработку проекта.
 У пользователя будет возможность создавать рецепты, добавлять их в Избранное и корзину для покупок, подписываться на других пользователей.",ru,1,7600.0,3,5.0,1,https://stepik.org/course/184845,"{'SQL', 'PostgreSQL'}",22800.0,5.0
440,182183,"Python + SQL БД: PostgreSQL, MySQL, MariaDB для начинающих","Предлагаю небольшой курс по изучению SQL и как пользоваться SQL базами данных, таких как PostgreSQL, MySQL, MariaDB, SQLite. Также используются СУБД для этих БД: Adminer, PhpMyAdmin, SQLiteStudio, PGAdmin, Workbench.",ru,0,0.0,3030,4.25,32,https://stepik.org/course/182183,"{'SQLite', 'MySQL', 'SQL', 'PostgreSQL'}",0.0,136.0
441,181959,PostgreSQL основы,"Добро пожаловать в курс ""Основы PostgreSQL""! Этот курс предназначен для тех, кто хочет начать свой путь в мире баз данных и освоить PostgreSQL - мощную и распространенную систему управления базами данных. В ходе этого курса вы познакомитесь с основными концепциями, навыками и практиками работы с PostgreSQL, начиная с базовых запросов и заканчивая управлением базами данных.",ru,1,2000.0,34,4.0,1,https://stepik.org/course/181959,"{'SQL', 'PostgreSQL'}",68000.0,4.0
442,97207,Практический курс для новичков по SQL и PostgreSQL,"Программирование баз данных: с СУБД PostgreSQL и языком SQL: теория и практика с разборами ДЗ. Все знания, которые вы получите на курсе легко применимы и к другим СУБД, таким как MySQL, Microsoft SQL Server, Oracle.",ru,1,2490.0,3736,4.5256410256410255,78,https://stepik.org/course/97207,"{'MySQL', 'SQL', 'Oracle', 'PostgreSQL'}",9302640.0,353.0
443,85331,SQL и PostgreSQL от новичка до уверенного пользователя,"Друзья! Если у вас не получается оплатить курс, напишите мне azuramuu@gmail.com и я помогу вам оплатой .
Изучаем язык SQL, пишем запросы, создаём базы данных
Данный курс позволит вам окунуться в мир SQL и пройти путь от новичка до продвинутого пользователя
Вы сможете применять свои знания в своей профессиональной деятельности в сфере бизнес-аналитики, создании баз данных и др.",ru,1,11.0,133,4.733333333333333,15,https://stepik.org/course/85331,"{'SQL', 'PostgreSQL'}",1463.0,71.0
444,252915,Основы MySQL: с нуля до первых запросов,"Хотите освоить один из ключевых инструментов в IT — системы управления базами данных? Этот курс познакомит вас с MySQL — одной из самых популярных СУБД в мире. Вы с нуля научитесь устанавливать сервер, создавать базы данных, управлять данными и писать сложные SQL-запросы с нуля. Идеальный старт для будущих backend-разработчиков, аналитиков данных и всех, кто работает с информацией.",ru,0,0.0,11,,0,https://stepik.org/course/252915,"{'MySQL', 'SQL'}",0.0,0.0
445,234193,Основы SQL (MySQL),"Курс состоит из десяти уроков, в каждом из которых сначала идёт шаг с теорией, необходимой для освоения темы шага. Далее идут три шага с заданиями разного плана. В основном это задания, где необходимо написать правильный код. 

Начиная с урока 1.4 «Простые запросы с SELECT. Часть 1» все последующие задания должны выполняться с учётом представленной пользователю базы данных. Просмотреть её структуру можно на втором шаге урока 1.4",ru,0,0.0,1142,3.75,4,https://stepik.org/course/234193,"{'MySQL', 'SQL'}",0.0,15.0
446,216232,Базы данных MySQL,"Курс содержит теоретическую и практическую части по Базам Банных. В практической части научитесь создавать, наполнять базу данных и производить многочисленные операции с данными.
  
  
  
  
",ru,1,3500.0,2,5.0,1,https://stepik.org/course/216232,"{'MySQL', 'SQL'}",7000.0,5.0
447,209588,"Воркшоп ""FullStack—приложение за час"". Java, React.JS, MySQL","Воркшоп позволяет погрузиться в мир современной веб-разработки, демонстрируя создание полноценного fullstack-приложения с использованием популярных технологий.
Курс идеально подходит для новичков, желающих расширить свои навыки в fullstack-разработке и освоить современный стек технологий.",ru,1,3000.0,55,4.833333333333333,6,https://stepik.org/course/209588,"{'MySQL', 'SQL'}",165000.0,29.0
448,206599,MySQL 8 - теория и практика,"Курс освещает базовые конструкции языка запросов СУБД MySQL 8, поддерживаемые типы данных, операторы, встроенные функции, пользовательские переменные и базовые принципы построения запросов: работа с окнами, объединение таблиц и вложение подзапросов.",ru,0,0.0,1230,5.0,2,https://stepik.org/course/206599,"{'MySQL', 'SQL'}",0.0,10.0
449,175919,Построение Telegram-бота на Java и MySQL,"Хотите разрабатывать сервисы, но считаете, что сложно заставить клиента устанавливать приложение? Тогда чат-бот – это то, что вам требуется! ",ru,0,0.0,19,,0,https://stepik.org/course/175919,"{'MySQL', 'SQL'}",0.0,0.0
450,172509,Веб-сайт PHP + MySQL,Веб-сайт витрина кафе быстрого питания. Разграничение прав пользователей. Режим администратора и покупателя.,ru,1,2900.0,4,4.333333333333333,6,https://stepik.org/course/172509,"{'MySQL', 'SQL'}",11600.0,26.0
451,171684,Базы данных MySQL,"Курс содержит теоретическую и практическую части по Базам Банных. В практической части научитесь создавать, наполнять базу данных и производить многочисленные операции с данными.",ru,1,2900.0,6,5.0,2,https://stepik.org/course/171684,"{'MySQL', 'SQL'}",17400.0,10.0
452,101093,Базы данных MySQL в phpMyAdmin,"Базы данных это просто, любой разработчик как frontend так и backend должен понимать базы данных. В этом видео курсе мы будем изучать базы данных на примере системы управления базами данных phpMyAdmin",ru,1,290.0,61,5.0,2,https://stepik.org/course/101093,"{'MySQL', 'SQL'}",17690.0,10.0
453,208151,Модуль SQLite3 в Python для работы с базами данных SQLite,"Модуль SQLite3 в Python позволяет взаимодействовать с базами данных SQLite. Начать работу с модулем SQLite3 очень просто, так как он уже находится в стандартной библиотеке Python и не требует установки.",ru,1,600.0,206,4.75,12,https://stepik.org/course/208151,"{'Python', 'SQL', 'SQLite'}",123600.0,57.0
454,194778,Программирование SQLite на Python,"Это курс для тех, кто хочет научиться программировать Python приложения, использующие базу данных на SQLite. Фактически будут использоваться 2 языка программирования - SQLite и Python.",ru,1,1000.0,102,4.625,8,https://stepik.org/course/194778,"{'Python', 'SQL', 'SQLite'}",102000.0,37.0
455,173214,Python / Django + База данных SQLite + Yandex.map,Разрабатываем web-приложение на Python/Django + База данных SQLite + Yandex.карты для организации встреч круга лиц по интересам,ru,1,800.0,8,4.333333333333333,6,https://stepik.org/course/173214,"{'Python', 'SQL', 'SQLite'}",6400.0,26.0
456,90778,SQLite для аналитики,"Прикладной анализ данных на SQL. Импорт и экспорт, очистка данных, поиск связей и анализ показателей, аналитические функции и работа с JSON.",ru,1,3000.0,489,4.944444444444445,36,https://stepik.org/course/90778,"{'SQL', 'SQLite'}",1467000.0,178.0
457,267057,PHP и Oracle: Интеграция для крупных систем,Интерактивный квест-курс по интеграции PHP и Oracle для создания масштабируемых и надёжных корпоративных систем. Освойте работу с базами данных через увлекательные задания и реальные кейсы.,ru,0,0.0,21,5.0,3,https://stepik.org/course/267057,"{'SQL', 'Oracle'}",0.0,15.0
458,255405,PHP и Oracle: Интеграция для крупных систем,Интерактивный квест-курс по интеграции PHP и Oracle для создания масштабируемых и надёжных корпоративных систем. Освойте работу с базами данных через увлекательные задания и реальные кейсы.,ru,1,1000.0,3,5.0,1,https://stepik.org/course/255405,"{'SQL', 'Oracle'}",3000.0,5.0
459,250492,Oracle Primavera P6: планирование и контроль проектов (2026),"Курс «Oracle Primavera P6: планирование и контроль проектов» — это практическое обучение работе в одной из самых востребованных систем управления проектами. Вы освоите базовые принципы: создание структуры проекта, построение календарно-сетевого графика, управление задачами и ресурсами, контроль выполнения. Курс подходит новичкам и специалистам, желающим получить уверенные навыки планирования и конкурентное преимущество в карьере.",ru,1,990.0,40,5.0,3,https://stepik.org/course/250492,"{'SQL', 'Oracle'}",39600.0,15.0
460,250244,Программирование в PL/SQL ORACLE (С КУРАТОРОМ),"Курс обучения языку PL/SQL, внутреннему языку программирования ORACLE. На основе многолетнего опыта разработки программных продуктов, в том числе информационных систем с одновременных доступом в несколько тысяч человек, на основе значимого опыта работы с большим объемом данных и знаний проектирования и разработки высокоструктурированных баз данных мы создали этот курс. Пошаговое обучение программированию в одной из самых востребованных и мощных СУБД - ORACLE",ru,1,29000.0,2,,0,https://stepik.org/course/250244,"{'SQL', 'Oracle'}",58000.0,0.0
461,240756,Подготовка к сертификации Oracle OCP (часть 2),"Во второй части курса фокус смещается на более глубокие и сложные аспекты Java SE, охватывая темы, требующие уверенного владения языком и внимательности к деталям. Уделяется особое внимание практической отработке экзаменационных задач и типичных ловушек, встречающихся на экзамене OCP.",ru,1,500.0,1,,0,https://stepik.org/course/240756,"{'SQL', 'Oracle', 'Java'}",500.0,0.0
462,235492,Подготовка к сертификации Oracle Java OCA и  OCP (часть 1),"Подготовки к сертификации Oracle OCA и первая часть по OCP по Java SE 8–11. Курс охватывает основы Java: типы данных, управление потоком, ООП, массивы, коллекции и обработку исключений. Включает тесты, практические задания и финальное тестирование. Отличная база для успешной сдачи экзамена OCA.",ru,1,500.0,2,,0,https://stepik.org/course/235492,"{'Java', 'SQL', 'Oracle'}",1000.0,0.0
463,230930,Подготовка к собедованию на позицию разработчик Oracle PL/SQL,"Курс создан для тех, кто хочет уверенно пройти техническое собеседование на позицию Oracle PL/SQL разработчика, особенно в финтех-компаниях. Внутри — только актуальные вопросы, которые действительно встречаются на интервью, с подробными разбором ответов и пояснениями. Вы узнаете, на что обращают внимание работодатели, как грамотно презентовать свои навыки и успешно пройти практическую часть. Курс поможет структурировать знания, избавиться от пробелов и уверенно отвечать даже на сложные вопросы.",ru,1,2800.0,20,4.0,1,https://stepik.org/course/230930,"{'SQL', 'Oracle'}",56000.0,4.0
464,223207,Oracle Primavera P6 (для начинающих и только по делу),"Первый и единственный курс по Oracle Primavera на Stepik.
Курс для начинающих специалистов по планированию, которые получат информацию в полном объеме, последовательно и по делу, без лишней ""воды"".",ru,1,5000.0,0,,0,https://stepik.org/course/223207,"{'SQL', 'Oracle'}",0.0,0.0
465,115662,Java (Джава) для начинающих: с нуля до сертификата Oracle,"Изучение Java на простых примерах для новичков. Теория, практика, домашние задания и их разборы. Надоело пытаться выучить Java по нескольким источникам? Тогда этот курс точно для Вас!",ru,1,1750.0,2411,4.954022988505747,87,https://stepik.org/course/115662,"{'SQL', 'Oracle', 'Java'}",4219250.0,430.99999999999994
466,115617,SQL для начинающих: с нуля до сертификата Oracle,"Изучение SQL на простых примерах для новичков. Теория, практика, домашние задания и их разборы. Надоело пытаться выучить SQL по нескольким источникам? Тогда этот курс точно для Вас!",ru,1,1750.0,2160,5.0,62,https://stepik.org/course/115617,"{'SQL', 'Oracle'}",3780000.0,310.0
467,279157,"DE-практикум: Spark, Docker, Postgres, Airflow, S3. Поток 3","Живой практикум по Data Engineering: поднимаем локальный кластер (Spark + Postgres + Jupyter + Airflow), строим слои RAW/STG/CORE на реальном датасете и разбираем паттерны middle-уровня.
Формат потока: небольшая группа, плотная поддержка и доработка курса по вашей обратной связи.",ru,1,35000.0,10,,0,https://stepik.org/course/279157,"{'Airflow', 'Spark'}",350000.0,0.0
468,262235,Тренажер: 40 задач по PySpark для собеседований,"Попробуйте бесплатные модули и оцените всё сами! Убедитесь, насколько это просто и эффективно, прямо сейчас! 🚀🚀🚀",ru,1,1990.0,15,5.0,1,https://stepik.org/course/262235,{'Spark'},29850.0,5.0
469,250050,Data Engineering Fast‑Track: Kafka → Airflow → Spark,"Практический fast-track по data engineering: за 4–6 недель собираем рабочий конвейер Kafka → Spark → Lakehouse под управлением Airflow. Разберём batch и streaming, окна и watermark, схемы и контракты. Мини‑проекты, Docker Compose, шаблоны DAG и пайплайнов.
Курс подойдёт инженерам, аналитикам и тем, кто хочет освоить современные пайплайны данных с уверенным Python.",ru,1,8990.0,164,4.0,2,https://stepik.org/course/250050,"{'Airflow', 'Spark', 'Python', 'Kafka'}",1474360.0,8.0
470,241343,PySpark с нуля,"Курс предназначен для начинающих специалистов в области обработки больших данных. Вы изучите основы распределённых вычислений с Apache Spark, научитесь работать с RDD и DataFrame, познакомитесь с Spark SQL, оптимизацией запросов, потоковой обработкой и библиотекой машинного обучения MLlib. В финале курса Вы решите практическое задание и добавите готовый проект в портфолио.",ru,1,108000.0,266,5.0,1,https://stepik.org/course/241343,"{'SQL', 'Spark'}",28728000.0,5.0
471,240920,Big Data: основы Apache Hadoop и Spark,"Изучите ключевые технологии Big Data — Apache Hadoop и Spark. Курс поможет освоить базовые концепции работы с большими данными, архитектуру распределённых систем и основные инструменты для обработки и анализа данных. Проходите обучение в удобном для себя темпе.",ru,1,990.0,115,5.0,2,https://stepik.org/course/240920,"{'Spark', 'Hadoop'}",113850.0,10.0
472,223302,"DE-практикум: Spark, Docker, Postgres локально у вас на ноутбуке","Живой практикум по Data Engineering: поднимаем локальный кластер (Spark + Postgres + Jupyter + Airflow), строим слои RAW/STG/CORE на реальном датасете и разбираем паттерны middle-уровня.
Формат потока: небольшая группа, плотная поддержка и доработка курса по вашей обратной связи.",ru,1,35000.0,29,,0,https://stepik.org/course/223302,"{'Airflow', 'Spark'}",1015000.0,0.0
473,210272,Введение в pySpark: Spark на Python,"Курс по pySpark для инженеров данных и не только. Обучение с нуля. Ключевые слова: Data Science, Data Engineer, инженер данных, Spark",ru,1,990.0,477,4.297297297297297,37,https://stepik.org/course/210272,{'Spark'},472230.0,159.0
474,120399,ПАРАЛЛЕЛЬ ЕСЕПТЕУЛЕР  КЛАСТЕРІН HADOOP ФРЕЙМВОРК АРҚЫЛЫ БАПТАУ,Сіз  бұл курс барысында Hadoop фреймворгының архитектурасын және Hadoop кластерінде үлкен көлемді деректерді параллель өңдеуді үйренесіз.,ru,0,0.0,81,,0,https://stepik.org/course/120399,{'Hadoop'},0.0,0.0
475,150,Hadoop. Система для обработки больших объемов данных,"Курс посвящен методам обработки BigData с помощью системы Hadoop. После прохождения курса вы получите знания основных способов хранения и методов обработки больших объемов данных, поймете принципы работы распределенных систем в контексте фреймворка Hadoop и освоите практические навыки разработки приложений, используя программную модель MapReduce.",ru,0,0.0,50163,4.79182156133829,269,https://stepik.org/course/150,{'Hadoop'},0.0,1289.0
476,270669,"Разработчик event-driven микросервисов: gRPC, Kafka, Redis","Научитесь проектировать и реализовывать event-driven пайплайн с использованием gRPC, Kafka и Redis. Курс сочетает теорию и практику: от построения архитектуры и написания сервисов до тестирования, логирования и масштабирования.",ru,0,0.0,34,5.0,3,https://stepik.org/course/270669,{'Kafka'},0.0,15.0
477,258122,Основы брокеров сообщений на примере Kafka и RabbitMQ,"Брокеры сообщений — неотъемлемая часть современных ИТ-систем, но их редко объясняют с нуля. В этом курсе мы разбираем ключевые идеи и базовые концепции, стоящие за брокерами, и показываем, как они реализованы в Kafka и RabbitMQ.",ru,0,0.0,1387,4.888888888888889,45,https://stepik.org/course/258122,"{'Kafka', 'RabbitMQ'}",0.0,220.00000000000003
478,256388,Архитектура интеграций: от REST до Kafka,"Поймите, как работают интеграции в реальных ИТ-системах. Курс научит вас проектировать архитектуру обмена данными, выбирать подходящие технологии и строить решения, которые связывают десятки сервисов в единую экосистему.",ru,0,0.0,521,4.333333333333333,3,https://stepik.org/course/256388,"{'REST', 'Kafka'}",0.0,13.0
479,252646,Специалист Kafka с глубоким пониманием системы,"Погружение в архитектуру Apache Kafka простыми словами. Вы узнаете, как работают брокеры, топики, партиции, репликация и смещения. Курс помогает понять устройство Kafka «изнутри» и объясняет, как эта система обеспечивает масштабируемость, надёжность и обработку больших потоков данных.",ru,1,1000.0,13,5.0,1,https://stepik.org/course/252646,{'Kafka'},13000.0,5.0
480,252037,"Разработчик event-driven микросервисов: gRPC, Kafka, Redis","Научитесь проектировать и реализовывать event-driven пайплайн с использованием gRPC, Kafka и Redis. Курс сочетает теорию и практику: от построения архитектуры и написания сервисов до тестирования, логирования и масштабирования.",ru,1,1000.0,8,,0,https://stepik.org/course/252037,{'Kafka'},8000.0,0.0
481,240922,Kafka: полный курс,"Данный курс охватывает все аспекты работы с Apache Kafka: от основ до продвинутых тем, включая настройку, интеграцию и оптимизацию потоковой передачи данных. Курс удобно проходить в своем темпе.",ru,1,1490.0,227,5.0,1,https://stepik.org/course/240922,{'Kafka'},338230.0,5.0
482,240351,"Системный анализ: Асинхронные API и брокеры сообщений (Kafka,MQ)","МАКСИМУМ РАЗНООБРАЗНЫХ ЗАДАНИЙ НА ПРАКТИКУ по теме! Коллеги, перед Вами НАИБОЛЕЕ ПОЛНЫЙ КУРС ПО АСИНХРОННЫМ ИНТЕГРАЦИЯМ, в котором Вы изучите теорию HTTP и работу интернета, Long/Short Polling, Webhook, Websocket, SSE-интеграции и интеграции через ESB, Kafka и RabbitMQ с реальными кейсами и практикой, а также с указанием примечаний и рекомендаций автора для подготовки непосредственно к собеседованиям, что прокачает ваши навыки для получения ЖЕЛАЕМОГО ГРЕЙДА.",ru,1,3299.0,44,5.0,3,https://stepik.org/course/240351,"{'Kafka', 'RabbitMQ'}",145156.0,15.0
483,223717,"Python Backend: FastAPI, SQLAlchemy, RabbitMQ, Kafka, Django","В фокусе — практическое освоение FastAPI и backend-разработки. Возможно, это не первый курс, но точно второй, который стоит пройти. Он даёт прочную базу для первых pet-проектов. Освещены следующие темы: FastAPI, Dishka, SQLAlchemy, RabbitMQ, ThreadPoolExecutor, Apache Kafka, Pydantic, Django, DRF, Celery, Taskiq, Redis, Poetry, Docker, pipx и ngrok. Упор на архитектуру, типы, миграции, ORM-стратегии и изоляцию окружения. Подход — инженерный: без магии, с контролем и пониманием.",ru,1,2250.0,336,5.0,1,https://stepik.org/course/223717,"{'Kafka', 'RabbitMQ'}",756000.0,5.0
484,214933,Асинхронные микросервисы с Apache Kafka на Python,"Если вы до сих пор не имели дела в своих проектах с брокерами сообщений, то вы несомненно сделаете правильный выбор, начав свой путь в мир событийно-управляемой архитектуры с изучения Apache Kafka. В рамках этого курса вы научитесь применять наиболее популярные библиотеки для работы с Kafka, создавать масштабируемые системы микросервисов, коммуницирующих посредством Kafka.",ru,1,3490.0,141,4.461538461538462,13,https://stepik.org/course/214933,{'Kafka'},492090.0,58.0
485,213010,"Микросервисы, Docker, Kafka Spring Cloud, реактивный стек","Практика: разработка бэкенд для сервиса заказов еды на вынос
на микросервисной архитектуре по приведенной схеме и с использованием списка технологий из раздела ""О курсе""",ru,0,0.0,1506,5.0,4,https://stepik.org/course/213010,{'Kafka'},0.0,20.0
486,199114,Брокеры сообщений. Apache Kafka,"Курс ""Брокеры сообщений. Apache Kafka"" познакомит с базовыми понятиями, являющимися общими для всех брокеров сообщений, а также расскажет подробнее про один из самых популярных брокеров сообщений - Apache Kafka.",ru,1,999.0,1113,4.607843137254902,51,https://stepik.org/course/199114,{'Kafka'},1111887.0,234.99999999999997
487,99527,Apache Airflow для аналитика (Практикум),"Этот курс будет полезен всем кто работает с данными, и хочет познакомиться с новым инструментом. Airflow это, де факто, стандарт современного ETL, многие крупные компании уже внедрили его в свои процессы.",ru,1,3490.0,2590,4.877777777777778,90,https://stepik.org/course/99527,{'Airflow'},9039100.0,439.00000000000006
488,266593,RabbitMQ с нуля до администратора,"ПРОМОКОД 8MARTA - скидка 30% до 31.03. 
Этот курс — про RabbitMQ. Мы будем работать только через веб-интерфейс, без единой строчки кода.
Вы не пишете код — вы обеспечиваете стабильность системы.
Этот курс научит вас понимать, анализировать и управлять RabbitMQ через встроенный веб-интерфейс — без единой строчки программирования.

Разверните реальный микросервисный интернет-магазин, наблюдайте за потоком сообщений в реальном времени и научитесь видеть проблемы до того, как они станут аварией.",ru,1,2990.0,7,4.0,4,https://stepik.org/course/266593,{'RabbitMQ'},20930.0,16.0
489,240921,RabbitMQ: полный курс,"Данный курс охватывает все ключевые аспекты работы с RabbitMQ: от основ до продвинутых сценариев использования. Вы научитесь устанавливать, настраивать и эффективно использовать брокер сообщений RabbitMQ для построения надежных и масштабируемых систем. Курс удобно проходить в своем темпе, возвращаясь к нужным темам по мере необходимости.",ru,1,990.0,134,,0,https://stepik.org/course/240921,{'RabbitMQ'},132660.0,0.0
490,218436,Работа с RabbitMQ в Go," Практический курс по работе с RabbitMQ на языке Go: от базовых паттернов обмена сообщениями до разработки отказоустойчивых, безопасных и высокопроизводительных систем. Создавайте реальные проекты, освоите продвинутые функции, деплой и мониторинг. Пошаговые уроки с практикой, тестами и готовым кодом. ",ru,1,750.0,42,5.0,1,https://stepik.org/course/218436,{'RabbitMQ'},31500.0,5.0
491,181337,Python + RabbitMQ для начинающих,"Курс для тех, кто хочет понять, что такое RabbitMQ и как с ним работать в Python. 
В курсе примеры с пояснениями и немного теории.",ru,1,500.0,104,3.6,5,https://stepik.org/course/181337,"{'Python', 'RabbitMQ'}",52000.0,18.0
492,272346,Руслан Сенаторов: Solver L-BFGS-B. Sklearn. Data Science. Python,"🟥🟨🟩Революция в ML.От «чёрного ящика» к полному пониманию математики машинного обучения через реверс-инжиниринг ML-модели. Вывод с нуля всех формул + Python.Меня зовут Руслан Сенаторов и в 2025 году я разработал новую систему обучения в области Data Science. Вместо традиционного ""сверху вниз через теорию"" мы начинаем с готовых решений в scikit-learn и разбираем их ""изнутри"",чтобы понять принципы работы и математику которая лежит в их основе с полного нуля.Это позволяет значительно сократить время обучения",ru,1,990.0,9,,0,https://stepik.org/course/272346,"{'sklearn', 'Python'}",8910.0,0.0
493,270048,Руслан Сенаторов: Solver Sag & SAGA. Sklearn.Data Science.Python,"🟥🟨🟩Революция в ML.От «чёрного ящика» к полному пониманию математики машинного обучения через реверс-инжиниринг ML-модели. Вывод с нуля всех формул + Python.Меня зовут Руслан Сенаторов и в 2025 году я разработал новую систему обучения в области Data Science. Вместо традиционного ""сверху вниз через теорию"" мы начинаем с готовых решений в scikit-learn и разбираем их ""изнутри"",чтобы понять принципы работы и математику которая лежит в их основе с полного нуля.Это позволяет значительно сократить время обучения",ru,1,490.0,14,,0,https://stepik.org/course/270048,"{'sklearn', 'Python'}",6860.0,0.0
494,268894,Руслан Сенаторов: Solver LSQR. Sklearn. Data Science. Python,"🟥🟨🟩Революция в ML.От «чёрного ящика» к полному пониманию математики машинного обучения через реверс-инжиниринг ML-модели. Вывод с нуля всех формул + Python.Меня зовут Руслан Сенаторов и в 2025 году я разработал новую систему обучения в области Data Science. Вместо традиционного ""сверху вниз через теорию"" мы начинаем с готовых решений в scikit-learn и разбираем их ""изнутри"",чтобы понять принципы работы и математику которая лежит в их основе с полного нуля.Это позволяет значительно сократить время обучения",ru,1,490.0,18,,0,https://stepik.org/course/268894,"{'sklearn', 'Python'}",8820.0,0.0
495,260000,Руслан Сенаторов: Solver Sparse_cg. Sklearn.Data Science. Python,"🟥🟨🟩Революция в ML.От «чёрного ящика» к полному пониманию математики машинного обучения через реверс-инжиниринг ML-модели. Вывод с нуля всех формул + Python.Меня зовут Руслан Сенаторов и в 2025 году я разработал новую систему обучения в области Data Science. Вместо традиционного ""сверху вниз через теорию"" мы начинаем с готовых решений в scikit-learn и разбираем их ""изнутри"",чтобы понять принципы работы и математику которая лежит в их основе с полного нуля.Это позволяет значительно сократить время обучения",ru,1,990.0,19,,0,https://stepik.org/course/260000,"{'sklearn', 'Python'}",18810.0,0.0
496,252263,Руслан Сенаторов: L2-regularization. Ridge. Sklearn.Data Science,"🟥🟨🟩Революция в ML.От «чёрного ящика» к полному пониманию математики машинного обучения через реверс-инжиниринг ML-модели. Вывод с нуля всех формул + Python.Меня зовут Руслан Сенаторов и в 2025 году я разработал новую систему обучения в области Data Science. Вместо традиционного ""сверху вниз через теорию"" мы начинаем с готовых решений в scikit-learn и разбираем их ""изнутри"",чтобы понять принципы работы и математику которая лежит в их основе с полного нуля.Это позволяет значительно сократить время обучения",ru,1,990.0,25,,0,https://stepik.org/course/252263,"{'sklearn', 'Python'}",24750.0,0.0
497,250384,Руслан Сенаторов: Underfitting&Overfitting. Sklearn.Data Science,"🟥🟨🟩Революция в ML.От «чёрного ящика» к полному пониманию математики машинного обучения через реверс-инжиниринг ML-модели. Вывод с нуля всех формул + Python.Меня зовут Руслан Сенаторов и в 2025 году я разработал новую систему обучения в области Data Science. Вместо традиционного ""сверху вниз через теорию"" мы начинаем с готовых решений в scikit-learn и разбираем их ""изнутри"",чтобы понять принципы работы и математику которая лежит в их основе с полного нуля.Это позволяет значительно сократить время обучения",ru,1,990.0,26,,0,https://stepik.org/course/250384,"{'sklearn', 'Python'}",25740.0,0.0
498,249447,Руслан Сенаторов: Solver Cholesky & LU. Sklearn. Data Science,"🟥🟨🟩Революция в ML.От «чёрного ящика» к полному пониманию математики машинного обучения через реверс-инжиниринг ML-модели. Вывод с нуля всех формул + Python.Меня зовут Руслан Сенаторов и в 2025 году я разработал новую систему обучения в области Data Science. Вместо традиционного ""сверху вниз через теорию"" мы начинаем с готовых решений в scikit-learn и разбираем их ""изнутри"",чтобы понять принципы работы и математику которая лежит в их основе с полного нуля.Это позволяет значительно сократить время обучения",ru,1,490.0,37,5.0,3,https://stepik.org/course/249447,"{'sklearn', 'Python'}",18130.0,15.0
499,248961,Руслан Сенаторов: Solver QR. Sklearn. Data Science. Python,"🟥🟨🟩Революция в ML.От «чёрного ящика» к полному пониманию математики машинного обучения через реверс-инжиниринг ML-модели. Вывод с нуля всех формул + Python.Меня зовут Руслан Сенаторов и в 2025 году я разработал новую систему обучения в области Data Science. Вместо традиционного ""сверху вниз через теорию"" мы начинаем с готовых решений в scikit-learn и разбираем их ""изнутри"",чтобы понять принципы работы и математику которая лежит в их основе с полного нуля.Это позволяет значительно сократить время обучения",ru,1,990.0,27,5.0,5,https://stepik.org/course/248961,"{'sklearn', 'Python'}",26730.0,25.0
500,246258,Руслан Сенаторов: Solver SVD. Sklearn. Data Science. Python,"🟥🟨🟩Революция в ML.От «чёрного ящика» к полному пониманию математики машинного обучения через реверс-инжиниринг ML-модели. Вывод с нуля всех формул + Python.Меня зовут Руслан Сенаторов и в 2025 году я разработал новую систему обучения в области Data Science. Вместо традиционного ""сверху вниз через теорию"" мы начинаем с готовых решений в scikit-learn и разбираем их ""изнутри"",чтобы понять принципы работы и математику которая лежит в их основе с полного нуля.Это позволяет значительно сократить время обучения",ru,1,990.0,53,5.0,7,https://stepik.org/course/246258,"{'sklearn', 'Python'}",52470.0,35.0
501,245654,Руслан Сенаторов: Gradient descent & SGD. Sklearn. Data Science,"🟥🟨🟩Революция в ML.От «чёрного ящика» к полному пониманию математики машинного обучения через реверс-инжиниринг ML-модели. Вывод с нуля всех формул + Python.Меня зовут Руслан Сенаторов и в 2025 году я разработал новую систему обучения в области Data Science. Вместо традиционного ""сверху вниз через теорию"" мы начинаем с готовых решений в scikit-learn и разбираем их ""изнутри"",чтобы понять принципы работы и математику которая лежит в их основе с полного нуля.Это позволяет значительно сократить время обучения",ru,1,990.0,47,5.0,1,https://stepik.org/course/245654,"{'sklearn', 'Python'}",46530.0,5.0
502,242962,Руслан Сенаторов: Множественная регрессия. Sklearn. Data Science,"🟥🟨🟩Революция в ML.От «чёрного ящика» к полному пониманию математики машинного обучения через реверс-инжиниринг ML-модели. Вывод с нуля всех формул + Python.Меня зовут Руслан Сенаторов и в 2025 году я разработал новую систему обучения в области Data Science. Вместо традиционного ""сверху вниз через теорию"" мы начинаем с готовых решений в scikit-learn и разбираем их ""изнутри"",чтобы понять принципы работы и математику которая лежит в их основе с полного нуля.Это позволяет значительно сократить время обучения",ru,1,990.0,79,5.0,8,https://stepik.org/course/242962,"{'sklearn', 'Python'}",78210.0,40.0
503,239757,Руслан Сенаторов:Простая линейная регрессия.Sklearn.Data Science,"🟥🟨🟩Революция в ML.От «чёрного ящика» к полному пониманию математики машинного обучения через реверс-инжиниринг ML-модели. Вывод с нуля всех формул + Python.Меня зовут Руслан Сенаторов и в 2025 году я разработал новую систему обучения в области Data Science. Вместо традиционного ""сверху вниз через теорию"" мы начинаем с готовых решений в scikit-learn и разбираем их ""изнутри"",чтобы понять принципы работы и математику которая лежит в их основе с полного нуля.Это позволяет значительно сократить время обучения",ru,1,490.0,202,5.0,21,https://stepik.org/course/239757,"{'sklearn', 'Python'}",98980.0,105.0
504,263902,Нейронные сети с нуля (разработка на PyTorch),"Курс максимально ориентирован на получение практических навыков работы с библиотекой PyTorch. 
По окончании курса, слушатели смогут создавать, обучать, оценивать и улучшать качество работы нейронных сетей, принимающих на вход текстовые, табличные, графические и аудиоданные.",ru,1,7990.0,1,,0,https://stepik.org/course/263902,{'PyTorch'},7990.0,0.0
505,258538,"Нейронные сети с нуля. Разработка на Keras, TensorFlow и PyTorch","Курс максимально ориентирован на получение практических навыков работы с библиотеками Keras, TensorFlow и PyTorch. 
По окончании курса, слушатели смогут создавать, обучать, оценивать и улучшать качество работы нейронных сетей, принимающих на вход текстовые, табличные, графические и аудиоданные.",ru,1,16990.0,0,,0,https://stepik.org/course/258538,{'PyTorch'},0.0,0.0
506,249723,Нейросети в PyTorch: быстрый старт с нуля,"С нуля до первых нейросетей на PyTorch! Научитесь создавать, обучать и оценивать модели, работать с данными и визуализировать результаты. Все знания сразу закрепляются на практике через реальные проекты, которые станут частью вашего портфолио!",ru,1,1590.0,52,5.0,1,https://stepik.org/course/249723,{'PyTorch'},82680.0,5.0
507,247446,"Нейросети Full Stack: Глубинное обучение, PyTorch, Tensorflow",🔥 Теория + практика: стань разработчиком Deep Learning. Курс охватывает полный цикл создания нейросетей — от фундаментальной теории до развёртывания продакшн-моделей на GPU с практикой на двух ведущих фреймворках: PyTorch и TensorFlow.,ru,1,3490.0,43,5.0,2,https://stepik.org/course/247446,{'PyTorch'},150070.0,10.0
508,241025,Pytorch: нейросети для начинающих,"Курс познакомит вас с основами создания и обучения нейросетей на платформе Pytorch. Вы научитесь строить простые модели, разберётесь с архитектурой нейросетей и получите практические навыки для дальнейшего развития в области машинного обучения. Курс удобно проходить в своем темпе, что позволит эффективно усваивать материал.",ru,1,990.0,134,5.0,2,https://stepik.org/course/241025,{'PyTorch'},132660.0,10.0
509,239747,PyTorch: от тензоров до нейросетей и кастомных фреймворков🔥,"Этот курс предоставляет фундаментальные и практические знания по глубокому обучению с использованием PyTorch — одного из ведущих фреймворков машинного обучения. Вы шаг за шагом освоите работу с тензорами, архитектурой нейросетей, загрузкой и предобработкой данных, обучением моделей и визуализацией экспериментов. Курс ориентирован на разработку прикладных навыков, в том числе создание собственных фреймворков для тестирования гиперпараметров и отладки нейросетей.",ru,1,990.0,191,5.0,2,https://stepik.org/course/239747,{'PyTorch'},189090.0,10.0
510,230302,Введение в нейронные сети на практике с PyTorch,"Освойте нейросети на PyTorch с нуля! В этом курсе вы быстро разберётесь в ИИ — от базовых перцептронов до трендовых моделей, с наглядными анимациями и практикой. Создайте уникальные нейросети: распознавайте цифры с Feed-forward, классифицируйте изображения с CNN, генерируйте тексты с RNN, генерируйте изображения с DCGAN. Максимум практики — минимум сложностей!",ru,1,4500.0,133,4.833333333333333,6,https://stepik.org/course/230302,{'PyTorch'},598500.0,29.0
511,227582,"Добрый, добрый ИИ. Часть 2. Нейронные сети на PyTorch","Нейронные сети - самое популярное, трендовое направление в области искусственного интеллекта. Они уже стали частью нашей повседневной жизни, от распознавания образов и управления транспортом до генерации текстов, музыки, изображений, создания deep fake'ов. Этот курс позволит заглянуть вам ""за кулисы"" мира нейросетей и понять основные, базовые принципы их работы.",ru,1,3000.0,3541,4.96875,32,https://stepik.org/course/227582,{'PyTorch'},10623000.0,159.0
512,214389,🤖 Машинное обучение с помощью ClearML и Pytorch Lightning ⚡,"Разбираем продвинутую связку ML инструментов для комфортного и быстрого обучения нейронных сетей и других алгоритмов. Учимся писать продакшен код и подключать к нему систему логирования. 
Курс от победителей в номинации ""Прорыв Года"" Stepik Awards.",ru,1,2150.0,264,4.75,4,https://stepik.org/course/214389,{'PyTorch'},567600.0,19.0
513,186169,"Нейронные сети с PyTorch: без формул, только практика!","🎯 За 6 недель вы напишете свою первую нейросеть на PyTorch — без математики, с готовым кодом и поддержкой автора",ru,1,2550.0,1246,4.953488372093023,43,https://stepik.org/course/186169,{'PyTorch'},3177300.0,213.0
514,284146,Тестирование API (Postman + REST/GraphQL),"Курс для тестировщиков, которые хотят освоить API-тестирование с нуля до CI/CD. Изучите HTTP, REST, GraphQL, WebSockets, gRPC. Научитесь работать в Postman, писать автотесты, подключать моки, настраивать пайплайны в GitHub Actions с уведомлениями в Telegram/Slack. Более 100 практических заданий и итоговый проект.",ru,0,0.0,80,,0,https://stepik.org/course/284146,"{'REST', 'GitHub'}",0.0,0.0
515,276467,База знаний Marin Resto Group,"База знаний Marin Resto Group включает основные тематические тренинги, призванные дать сотрудникам как общую информацию о холдинге и его проектах, так и об узких направлениях: концепции, сервис, бар и пр. База знаний Marin Resto Group включает основные тематические тренинги, призванные дать сотрудникам как общую информацию о холдинге и его проектах, так и об узких направлениях: концепции, сервис, бар и пр. База знаний Marin Resto Group включает основные тематические тренинги, призванные дать сотрудникам как",ru,0,0.0,2,,0,https://stepik.org/course/276467,{'REST'},0.0,0.0
516,269008,Тестирование REST API в Postman. Легенды и мифы Древней Греции,"Тестирование API в POSTMAN! 🥇Автор: победитель Stepik Awards 2025. ПРОМОКОД МАЯ: МИР_ТЕСТ_МАЙ. В этом курсе-приключении вы вместе с Арти отправитесь в Древнюю Грецию, чтобы освоить тестирование REST APID  в Postman с нуля. Вас ждут новые герои, навыки создания коллекции, запросов, переменных, окружений и автотестов в Postman. Помогайте богам Олимпа и получайте реальные навыки QA-инженера. Практика на мифическом API, элементы игры и глубокое погружение в Postman ждут вас, тестировщики! Автор: Артем Русов",ru,1,2490.0,336,5.0,11,https://stepik.org/course/269008,{'REST'},836640.0,55.0
517,254205,REST API для аналитиков,"REST API: от основ до практики — это практический онлайн-курс, который научит вас уверенно работать с веб-сервисами на основе REST. Вы узнаете, как устроен HTTP-протокол, какие методы используются для работы с API, как создавать и тестировать запросы через curl и Postman, а также как документировать API по стандарту Swagger. Курс поможет вам освоить ключевые навыки для backend-разработки, тестирования и технической коммуникации.",ru,1,1500.0,36,3.75,4,https://stepik.org/course/254205,"{'REST', 'OpenAPI / Swagger'}",54000.0,15.0
518,253149,Stepik REST API + StepKIT: утилиты для авторов,"Как авторам курсов пользоваться утилитами для оффлайн разработки контента (уроки, шаги).
Утилиты StepKIT: https://github.com/tatyderb/stepik_deploy",ru,0,0.0,170,5.0,1,https://stepik.org/course/253149,"{'REST', 'GitHub'}",0.0,5.0
519,252466,Moscow Places of Interest,"Курс ""Moscow Places of Interest"" направлен на формирование необходимых умений и навыков для осуществления устного и письменного перевода, экстралингвистических компетенций у студентов различных направлений подготовки.",ru,0,0.0,454,4.888888888888889,9,https://stepik.org/course/252466,{'REST'},0.0,44.0
520,244692,REST API: Полный курс,"Данный курс охватывает все ключевые аспекты создания, проектирования и использования REST API. Вы узнаете, как строить эффективные и безопасные интерфейсы для обмена данными между различными приложениями. Курс удобно проходить в своем темпе, возвращаясь к материалам в любое время.",ru,0,0.0,725,5.0,4,https://stepik.org/course/244692,{'REST'},0.0,20.0
521,242961,Документирование REST API: Полный курс,"Научитесь создавать профессиональную, понятную и структурированную документацию для REST API. Курс охватывает весь процесс: от основ HTTP и принципов REST до работы с OpenAPI (Swagger), автоматизации, визуализации и финальной публикации. Осваивайте стандарты, лучшие практики и реальные инструменты, востребованные в работе разработчиков, технических писателей и API-дизайнеров.
Курс регулярно актуализируется в соответствии с выходом новых технологий.",ru,1,1600.0,47,5.0,1,https://stepik.org/course/242961,"{'REST', 'OpenAPI / Swagger'}",75200.0,5.0
522,242958,Django REST Framework (DRF),"Курс посвящён изучению Django REST Framework — популярного инструмента для создания API на Python. Вы научитесь разрабатывать современные, масштабируемые и безопасные веб-сервисы, освоите работу с сериализацией данных, аутентификацией и роутингом. Курс можно проходить в удобном для себя темпе.",ru,1,990.0,142,5.0,1,https://stepik.org/course/242958,"{'REST', 'Python'}",140580.0,5.0
523,242368,Полный курс по языку Golang | С нуля до REST API и gRPC,"Выпущено в 2026 году. СОВЕРШЕННО НОВЫЙ КУРС. 92 часа лекций и практических занятий.
Комплексное обучение : этот курс, рассчитанный как на новичков, так и на опытных разработчиков, не требует предварительного опыта программирования. Вы начнете с нуля и получите возможность создавать API и приложения профессионального уровня.

* Освойте язык программирования Go: повысьте свои навыки! *

$ Курс по трудоустройству $",ru,1,8690.0,53,,0,https://stepik.org/course/242368,{'REST'},460570.0,0.0
524,240926,Проектирование REST и GraphQL API,"Курс посвящён основам и лучшим практикам проектирования API с использованием REST и GraphQL. Вы узнаете, как строить надёжные, масштабируемые и удобные для использования интерфейсы обмена данными. Материал разбит на логические модули, которые можно изучать в удобном для себя темпе.",ru,1,590.0,164,5.0,3,https://stepik.org/course/240926,{'REST'},96760.0,15.0
525,240320,"Системный анализ: Проектирование API (REST, gRPC, GraphQL, SOAP)","МАКСИМУМ РАЗНООБРАЗНЫХ ЗАДАНИЙ НА ПРАКТИКУ по теме! Коллеги, перед Вами НАИБОЛЕЕ ПОЛНЫЙ КУРС ПО СИНХРОННЫМ ИНТЕГРАЦИЯМ, в котором Вы изучите теорию HTTP и работу интернета, REST API, gRPC, GraphQL, JSON-RPC и SOAP с реальными кейсами и практикой, а также с указанием примечаний и рекомендаций автора для подготовки непосредственно к собеседованиям, что прокачает ваши навыки для получения ЖЕЛАЕМОГО ГРЕЙДА.",ru,1,3899.0,78,5.0,4,https://stepik.org/course/240320,"{'REST', 'SOAP'}",304122.0,20.0
526,220752,API и REST API,"На курсе разберем: API и REST API, принципы и шаги проектирования REST API, что такое ресурс и конечная точка.",ru,0,0.0,1188,4.605263157894737,38,https://stepik.org/course/220752,{'REST'},0.0,175.0
527,220591,Продвижение в Pinterest,"освойте эффективные методы продвижения на Pinterest: создавайте привлекательные пины, оптимизируйте их для поиска и привлекайте целевую аудиторию.",ru,1,990.0,15,2.0,1,https://stepik.org/course/220591,{'REST'},14850.0,2.0
528,217947,Создаем API блога на базе Django Rest Framework,"Мы создадим блог на базе Django, а затем реализуем API на основе, Django Rest Framework. Мы проведем модульное тестирование и проверим работу проекта на реальном примере, предусматривающем взаимодействие с Flask-приложением. Мы выполним развертывание проекта на реальном хостинге и освоим еще несколько вспомогательных тем. Мы обязательно столкнемся со множеством ошибок, но успешно их преодолеем и получим благодаря ошибкам ценнейший опыт.",ru,1,2500.0,23,5.0,2,https://stepik.org/course/217947,{'REST'},57500.0,10.0
529,216855,ROBIN. Использование запросов REST\SOAP в программных роботах,Выполнение API запросов программными роботами расширяет возможности их взаимодействия с приложениями и сервисами. В данном курсе рассматриваются  ключевые понятия  технологий выполнения запросов REST\SOAP и примеры применения запросов к API с помощью программных роботов.,ru,0,0.0,72,,0,https://stepik.org/course/216855,"{'REST', 'SOAP'}",0.0,0.0
530,216201,Проектирование REST API,"Курс предназначен для системных аналитиков, которые хотят получить знания в области проектирования REST API.

В рамках курса разбираются теоретические основы, после чего полученные навыки закрепляются на практическом задании.",ru,1,3490.0,80,4.0,5,https://stepik.org/course/216201,{'REST'},279200.0,20.0
531,215116,"Python 2025: Основы, ООП, GitHub, REST API (FastAPI и Pydantic)","Практический курс Python с нуля. Минимум теории, максимум востребованных навыков для реальных проектов.",ru,0,0.0,1634,4.3,10,https://stepik.org/course/215116,"{'REST', 'GitHub', 'Python'}",0.0,43.0
532,212071,EVEREST,"Данный курс познакомит вас с Российской компанией по производству ограждений для различных объектов, начиная от частного сектора до режимных объектов. ",ru,0,0.0,2,5.0,1,https://stepik.org/course/212071,{'REST'},0.0,5.0
533,192142,Автоматизация тестирования REST API на Python (Starter),"Этот мастер-класс для тех кто, только начал изучать Python и хочет сделать первый шаг в автоматизации тестирования REST API. Мастер-класс подойдет ручным тестировщикам кто еще ни разу не писал автотесты на REST API",ru,1,5000.0,7,5.0,1,https://stepik.org/course/192142,"{'REST', 'Python'}",35000.0,5.0
534,186484,Практика на Kotlin (Spring Boot REST API приложение),"Spring Boot REST API приложению на Kotlin
Kotlin, Gradle DSL, Spring Boot, REST API (миграция приложения открытого курса https://stepik.org/course/90739). Новогодняя цена!",ru,1,1390.0,86,,0,https://stepik.org/course/186484,{'REST'},119540.0,0.0
535,180350,Проектирование интеграций в стиле REST,"Курс посвящен основам проектирования интеграций в стиле REST - навыка, без проверки которого не обходится ни одно собеседование на позицию Системного аналитика.",ru,1,4500.0,144,4.35,20,https://stepik.org/course/180350,{'REST'},648000.0,87.0
536,179999,Django REST Framework (DRF) для начинающих,"Этот курс предназначен для разработчиков, желающих освоить создание высокопроизводительных и масштабируемых REST API с использованием мощного фреймворка Django REST Framework (DRF). Вы пройдете путь от базовых концепций API до реализации сложного проекта интернет-магазина и изучения продвинутых техник DRF. Внимание, данный курс не содержит ни минуты видео!",ru,1,2999.0,446,5.0,22,https://stepik.org/course/179999,{'REST'},1337554.0,110.0
537,178474,Food & Restaurants,Do you like the theme of food and dishes? Are you interested in learning English? Then this course is exactly what you were looking for.,ru,0,0.0,3,,0,https://stepik.org/course/178474,{'REST'},0.0,0.0
538,174370,"Java Backend Developer: Spring Boot 4, REST API, базы данных","Практический курс по Java Backend-разработке на Java 26/Spring Boot 4. Вы научитесь создавать REST API, работать с PostgreSQL, проектировать слои приложения, подключать миграции, валидацию, авторизацию, тесты и production-настройки.",ru,1,5000.0,1,,0,https://stepik.org/course/174370,"{'REST', 'Java', 'SQL', 'PostgreSQL'}",5000.0,0.0
539,131052,Тестирование REST API в Postman - легкий старт в автоматизацию,"🏆Победитель Stepik Awards 2023 в номинации ""Прорыв года"". Курс для тех, кто хочет много практики в ручном и автоматизированном тестировании API. Тест-кейсы, баг-репорты, тестирование по Swagger на сервере с логикой, все как на реальном проекте. Сложные вопросы на собеседовании, основы JavaScript для автотестов, вся теория на человеческом языке, собрана в одном курсе.",ru,1,890.0,3540,4.993670886075949,158,https://stepik.org/course/131052,"{'REST', 'OpenAPI / Swagger'}",3150600.0,789.0
540,119593,RESTful бекенд на Dart и клиент на Flutter,"Практический курс по созданию RESTful бэкенда на языке Dart. Вы разработаете два микросервиса (auth и data) с нуля: аутентификация через JWT, работа с PostgreSQL, кеширование в Redis, логирование, обработка запросов. Научитесь контейнеризировать сервисы с Docker, настраивать Nginx как reverse-proxy и деплоить проект на удалённый сервер. В финале создадите клиентское приложение на Flutter для взаимодействия с API. Курс подойдёт разработчикам, желающим освоить серверную разработку на Dart.",ru,1,1299.0,419,4.9,40,https://stepik.org/course/119593,"{'SQL', 'REST', 'PostgreSQL'}",544281.0,196.0
541,116286,"Тестирование ПО: Автотесты для API с Java, REST Assured и TestNG","Курс ""Тестирование ПО: Автотесты для API с Java, REST Assured и TestNG"" знакомит тестировщиков ПО с часто встречающимися задачами при тестировании backend приложений. На примере простого микро сервиса вы увидите что собой представляет REST API. Какие основные подходы для тестирования ПО используются при его проверках. С помощью каких инструментов и библиотек пишутся автотесты и создаются тестовые фреймворки.",ru,1,2800.0,454,4.7875,80,https://stepik.org/course/116286,"{'REST', 'Java'}",1271200.0,383.0
542,82067,SPA сайт на Django Rest Framework и NuxtJS,"Современная веб-разработка это сложный процесс, который включает в себя множество инструментов. Данный курс предназначен для поверхностного взгляда на все эти технологии.",ru,0,0.0,11189,4.7894736842105265,19,https://stepik.org/course/82067,{'REST'},0.0,91.0
543,243273,Документирование SOAP: полный курс,"Научитесь грамотно описывать SOAP API, создавать понятную и полную документацию для разработчиков и заказчиков. От WSDL до примеров запросов — всё на практике и с нуля.
Идеально для тех, кто хочет уверенно работать с корпоративными сервисами и повысить свою ценность на рынке IT.",ru,1,990.0,31,5.0,2,https://stepik.org/course/243273,{'SOAP'},30690.0,10.0
544,184659,SOAP-интеграции,"В рамках курса рассмотрим, что такое протокол SOAP. Что он из себя представляет и чем отличается от REST и других способов системной интеграции. Научимся тестировать и вызывать методы SOAP-сервиса.",ru,1,4500.0,82,4.4,10,https://stepik.org/course/184659,"{'REST', 'SOAP'}",369000.0,44.0
545,287850,Теория вероятности в жизни ,"Этот курс научит вас думать о случайностях как математик. Вы разберёте четыре классические ситуации — от парадокса с игровым шоу до оценки лотерей и медицинских тестов — и поймёте, почему наша интуиция часто ошибается. Никаких сложных формул: только логика, наглядные примеры и практические выводы. После курса вы сможете критически оценивать риски, распознавать манипуляции с цифрами и принимать более взвешенные решения в условиях неопределённости.
",ru,0,0.0,0,,0,https://stepik.org/course/287850,{'Теория вероятности'},0.0,0.0
546,251486,ЕГЭ — Теория Вероятности,"Теория вероятности: примеры и задачи. Фраза «с некоторой долей вероятности» понятна интуитивно, но объяснить термин непросто. В лекциях разберём основы этого раздела математики, представленного в ЕГЭ двумя заданиями.

Зарождение теории связано с перепиской Паскаля и Ферма (1654) по азартным играм. Гюйгенс в 1657 г. в работе «О расчетах при азартных играх» развил эти идеи. С тех пор наука шагнула вперёд: задачи, раньше доступные лишь учёным, теперь решают школьники при желании. Успехов в освоении!",ru,0,0.0,265,,0,https://stepik.org/course/251486,{'Теория вероятности'},0.0,0.0
547,242916,Copy of Теория вероятности в играх,"Этот курс познакомит вас с основами теории вероятностей на примере игр — от настольных и карточных до видеоигр и геймдизайна. Вы научитесь рассчитывать шансы, предсказывать исходы и применять математику в игровых механиках.

Что входит в курс?
🎬 Анимация по теме

🕹️ Интерактивные задания

📹 Видеоурок

📝 Тест

 Вы не только разберётесь в теории, но и сможете применять её в реальных игровых сценариях! 🎲📊",ru,0,0.0,4,,0,https://stepik.org/course/242916,{'Теория вероятности'},0.0,0.0
548,242530,Теория вероятности на ЕГЭ,"Этот курс — для тех, кто хочет разобраться с теорией вероятностей на ЕГЭ по математике раз и навсегда

Курс построен по шагам: от простых задач до комбинированных случаев с зависимостями и условными вероятностями
Ты научишься не просто подставлять в формулу, а понимать, что происходит в задаче. Без зубрёжки и случайного угадывания",ru,0,0.0,133,,0,https://stepik.org/course/242530,{'Теория вероятности'},0.0,0.0
549,241088,Теория вероятности в ЕГЭ по математике,"Этот курс станет вашим проводником в увлекательный мир случайности и позволит уверенно решать задачи, связанные с вероятностью! Мы начнем с основ комбинаторики, освоив правила подсчета исходов. Затем плавно перейдем к ключевым понятиям теории вероятностей, изучим операции над событиями и научимся вычислять вероятности сложных событий, применяя теоремы сложения и умножения. После этого курса вы будете уверенно оперировать вероятностными понятиями и сможете применять их для анализа реальных ситуаций. ",ru,0,0.0,3,,0,https://stepik.org/course/241088,{'Теория вероятности'},0.0,0.0
550,241059,Теория вероятности и математическая статистика,"это обзор вашего курса, который рассказывает потенциальным учащимся о том, что представляет собой ваш курс. Он служит прозрачным инструментом коммуникации, обеспечивая чёткое понимание содержания курса, его целей и структуры, а также целевой аудитории и любой другой важной информации, такой как сведения о ценах и биография преподавателя.",ru,0,0.0,3,,0,https://stepik.org/course/241059,"{'Математическая статистика', 'Теория вероятности'}",0.0,0.0
551,230408,Теория вероятности в школьном курсе,"Курс для школьников для краткого ознакомления с базовыми понятиями и формулами в теории вероятности. Курс подходит для школьников при изучении темы в школе, а также повторения материала для подготовки к ОГЭ",ru,0,0.0,1,,0,https://stepik.org/course/230408,{'Теория вероятности'},0.0,0.0
552,223153,Теория вероятности,"Этот курс по теории вероятностей предназначен для учащихся 7 класса и предлагает увлекательное и доступное введение в мир вероятности. На протяжении курса учащиеся познакомятся с основными понятиями теории вероятностей, научатся рассчитывать вероятность событий, проводить эксперименты и анализировать результаты. Все материалы курса адаптированы под школьную программу и сопровождаются практическими заданиями, которые помогут закрепить полученные знания и развить навыки решения задач.",ru,0,0.0,5,,0,https://stepik.org/course/223153,{'Теория вероятности'},0.0,0.0
553,218929,Теория вероятности,"Теория вероятности - это математическая дисциплина, которая изучает случайные события и их вероятности. Теория вероятности позволяет количественно оценивать степень неопределенности и риска в различных областях, таких как статистика, физика, инженерия, экономика, финансы и другие.",ru,0,0.0,1,,0,https://stepik.org/course/218929,{'Теория вероятности'},0.0,0.0
554,216118,Теория вероятности,"Этот курс подойдет для подготовки к экзаменам по математике для 9-11 классов по разделу ""Теория вероятности"" ",ru,0,0.0,8,,0,https://stepik.org/course/216118,{'Теория вероятности'},0.0,0.0
555,205734,Теория вероятности событий,"Прокачай свои знания с помощью нашего курса!
Благодаря этому курсу, вы не только сможете усвоить необходимый теоретический материал, но и научиться решать задания различных типов, а также отработать стратегии решения задач и эффективно распределить время на экзамене.
мяу",ru,0,0.0,4,,0,https://stepik.org/course/205734,{'Теория вероятности'},0.0,0.0
556,201159,Теория вероятности,"В ходе курса школьники изучат основные понятия вероятности, научатся решать задачи на расчет вероятности событий, познакомятся с теоретическими основами вероятностного анализа. Курс поможет учащимся развить логическое мышление, умение анализировать ситуации и принимать обоснованные решения на основе вероятностных закономерностей. Материалы курса представлены в интерактивной форме, что делает процесс обучения увлекательным и эффективным.",ru,0,0.0,6,,0,https://stepik.org/course/201159,{'Теория вероятности'},0.0,0.0
557,183670,Теория вероятности для чайников,"Добро пожаловать в ""Теорию вероятности для чайников"" — путешествие по увлекательному миру вероятности для тех, кто не знает, с чего начать! Тут Вы сможете узнать основные понятия, методы и приемы теории вероятности. А в конце курса, Вы сможете решать задачи в реальной жизни с легкостью, будь то игра в казино или планирование будущих событий. Готовьтесь к увлекательному путешествию в мир вероятности, где даже ""чайники"" становятся настоящими магами математики!",ru,0,0.0,1466,4.208333333333333,24,https://stepik.org/course/183670,{'Теория вероятности'},0.0,101.0
558,130537,Copy of теория вероятности,"Тео́рия вероя́тностей — раздел математики, изучающий случайные события, случайные величины, их свойства и операции над ними.
Возникновение теории вероятностей как науки относят к средним векам и первым попыткам математического анализа азартных игр (орлянка, кости, рулетка). Первоначально её основные понятия не имели строго математического вида, к ним можно было относиться как к некоторым эмпирическим фактам, как к свойствам реальных событий, и они формулировались в наглядных представлениях. ",ru,0,0.0,3,,0,https://stepik.org/course/130537,{'Теория вероятности'},0.0,0.0
559,219414,Математическая статистика,"В рамках данного курса вы научитесь ﻿визуализировать данные; на основе наблюдаемых данных строить оценки неизвестных параметров распределения; узнаете, какие оценки являются хорошими; научитесь проверять гипотезы о законе распределения и параметрах распределения; сравнивать параметры распределений нескольких случайных величин, выявлять наличие и вид зависимостей  между случайными величинами по данным наблюдений.  Теоретический материал сопровождается модельными примерами и примерами из реальной жизни.",ru,0,0.0,2,,0,https://stepik.org/course/219414,{'Математическая статистика'},0.0,0.0
560,203604,Математическая статистика,"В курсе рассматриваются основы  математической статистики, задания для самопроверки. Курс в процессе разработки.",ru,0,0.0,469,,0,https://stepik.org/course/203604,{'Математическая статистика'},0.0,0.0
561,182381,Теория вероятностей и математическая статистика,"Курс содержит теоретические и практические сведения по теории вероятностей и математической статистике, необходимые для успешного освоения курса ""Математика. 3 семестр"", читаемого автором студентам специальности ""Экономика"" в Казанском федеральном университете. Также данный курс может быть полезен студентам нематематических направлений подготовки и специальностей, изучающих в том или ином виде теорию вероятностей и математическую статистику.",ru,0,0.0,8829,4.958333333333333,24,https://stepik.org/course/182381,"{'Математическая статистика', 'Теория вероятности'}",0.0,119.0
562,104908,"Комбинаторика, теория вероятностей и математическая статистика ","Комбинаторика — раздел математики, посвящённый решению задач, связанных с выбором и расположением элементов некоторого множества в соответствии с заданными правилами. Комбинаторика тесно связана со многими другими областями математики — алгеброй, геометрией, теорией вероятностей, теорией чисел и другими. Она применяется в самых различных областях знаний, например, в генетике, информатике, статистике, статистической физике, лингвистике. 

Материал поделен на 10 тем, которые содержат видео лекции и практические занятия с разбором примеров. Курс расскажет о событиях и отношениях между ними, условной вероятности и формуле полной вероятности. Также в курсе разобраны правила перестановок, сочетаний и размещений. После изучения материалов подобраны задачи для закрепления полученных знаний.",ru,0,0.0,1406,3.2857142857142856,7,https://stepik.org/course/104908,"{'Математическая статистика', 'Теория вероятности'}",0.0,23.0
563,89785,Математическая статистика для психологов,"Курс «Математическая статистика для психологов» относится к вариативной части Блока 1 «Дисциплины (модули)» программы бакалавриата по направлению подготовки 37.03.01 Психология, профиль Психология. 
Дисциплина реализуется на факультете педагогического образования и биологии ФГБОУ ВО «Калмыцкий государственный университет имени Б.Б. Городовикова» кафедрой психологии.
Дисциплина нацелена на формирование общепрофессиональных  (ПК -2) и профессиональных компетенций (ПК-8) выпускника.
",ru,0,0.0,206,,0,https://stepik.org/course/89785,{'Математическая статистика'},0.0,0.0
564,87707,Теория вероятностей и математическая статистика,"В курсе излагаются базовые понятия теории вероятностей, комбинаторики и математической статистики.",ru,0,0.0,105,4.0,2,https://stepik.org/course/87707,"{'Математическая статистика', 'Теория вероятности'}",0.0,8.0
565,83695,Математическая статистика,,ru,0,0.0,63,5.0,1,https://stepik.org/course/83695,{'Математическая статистика'},0.0,5.0
566,326,Математическая статистика,"Курс знакомит слушателей с основными разделами математической статистики: описательной статистикой, интервальным оцениванием, проверкой статистических гипотез, регрессионым анализом и корреляционным анализом.",ru,0,0.0,42090,4.68,75,https://stepik.org/course/326,{'Математическая статистика'},0.0,351.0
567,257621,A/B-тесты без сложностей,"Интересно, что за зверь такой A/B-тест? Почему он вдруг стал такой важный, и все вокруг говорят только о нём? Такой ли он страшный и сложный? Узнай в этом курсе.",ru,0,0.0,1169,4.928571428571429,28,https://stepik.org/course/257621,{'A/B тесты'},0.0,138.0
568,246653,A/B тесты и анализ данных на Python,"Практический курс по A/B-тестированию и продуктовым метрикам: формулируем гипотезы, считаем размер выборки, запускаем эксперименты и анализируем результаты. От первой идеи до внедрения изменений в продукт — без «воды» и лишней теории.",ru,1,2490.0,111,4.25,4,https://stepik.org/course/246653,"{'A/B тесты', 'Продуктовые метрики'}",276390.0,17.0
569,252721,Пакет «Нейросети и временные ряды»,"Мечтаешь разбираться в данных глубже и применять нейросети для прогнозов? Этот пакет даст тебе всё необходимое: от изучения методов анализа временных рядов до построения собственных моделей в PyTorch. Ты научишься выявлять закономерности, работать с трендами и сезонностью, создавать предсказательные модели и понимать их математическую основу. С этим курсом ты получишь навыки, которые ценят работодатели, и сделаешь уверенный шаг в карьеру в Data Science. 🚀",ru,1,3490.0,11,,0,https://stepik.org/course/252721,"{'Временные ряды', 'PyTorch'}",38390.0,0.0
570,252703,Пакет «Глубокое погружение во временные ряды»,"Хочешь научиться прогнозировать данные и применять нейросети на практике? Этот пакет собрал ключевые курсы, которые дадут тебе полный цикл подготовки: от матанализа до построения моделей в PyTorch. Ты освоишь методы анализа временных рядов, научишься работать с трендами и сезонностью, разрабатывать собственные модели и понимать их математическую основу. Всё, что нужно, чтобы уверенно войти в Data Science и строить реальные прогнозы, — в одном месте. Сделай шаг к профессии будущего уже сегодня! 🚀",ru,1,4990.0,5,,0,https://stepik.org/course/252703,"{'Временные ряды', 'PyTorch'}",24950.0,0.0
571,177216,Временные ряды для прогноза криптовалют,Курс посвящен изучению методов анализа и прогнозирования временных рядов на примере  криптовалют с помощью классических подходов и при помощи машинного обучения,ru,1,200.0,2410,4.75,24,https://stepik.org/course/177216,{'Временные ряды'},482000.0,114.0
572,275923,Power BI: Анализ и визуализация данных с нуля до PRO,"🚀 Освойте Power BI с нуля! Научитесь подключать, очищать и моделировать данные, строить интерактивные дашборды и проводить углублённый анализ. Практический курс для аналитиков, маркетологов и руководителей. Получите востребованный навык в данных!",ru,0,0.0,251,5.0,1,https://stepik.org/course/275923,{'Power BI'},0.0,5.0
573,254209,Power BI: Анализ и визуализация данных с 0 до PRO (сертификат),"🚀 Освойте Power BI с нуля! Научитесь подключать, очищать и моделировать данные, строить интерактивные дашборды и проводить углублённый анализ. Практический курс для аналитиков, маркетологов и руководителей. Получите востребованный навык в данных!",ru,1,200.0,175,,0,https://stepik.org/course/254209,{'Power BI'},35000.0,0.0
574,237406,Power BI для бизнеса,"Этот курс рассчитан в первую очередь на тех кто еще не использовал Power BI, но хочет внедрить его в свою работу и уже через несколько часов обучения удивлять коллег и руководство своими красочными, информативными отчетами и продуктивностью. Также он подойдет для тех кто только пытаться реализовать себя на позиции аналитика данных, так как позволит быстро схватить азы и начать работать с Power BI.",ru,1,990.0,22,5.0,4,https://stepik.org/course/237406,{'Power BI'},21780.0,20.0
575,220868,Power BI: от новичка до профессионала,"Программа объединяет набор курсов по работе с Power BI, которые продвинут студента с уровня полного новичка (никогда не работал с этой программой) на уровень продвинутого пользователя (способного не только пользоваться пользовательским интерфейсом как Desktop так и облачной Service, а и пользоваться расширенными возможностями и писать код в строке формул - как на языке М в Power Query, так на языке DAX).",ru,1,3990.0,393,5.0,2,https://stepik.org/course/220868,"{'Power Query', 'Power BI'}",1568070.0,10.0
576,219647,Power BI Service: основное для бизнес-пользователей,Курс дает быстрое освоение облачной платформы Power BI Service для использования в рабочих процессах. Этот быстрый обзорный курс позволит Вам максимально быстро ознакомиться с большинством возможностей Power BI Service как облачной среды проектирования дашбордов (панелей мониторинга) и совместной работы с ними с другими пользователями в Вашей организации.,ru,1,1190.0,430,5.0,4,https://stepik.org/course/219647,{'Power BI'},511700.0,20.0
577,205032,"Аналитика: Power BI, оконные функции, cohort, RFM, ABC-XYZ в SQL","Программа включает 4 курса и разработана специально для тех, кто хочет освоить аналитику данных с нуля. Все курсы структурированы по принципу ""от простого к сложному"", без воды и сложной терминологии. Старт с нуля, поддержка автора на каждом этапе и максимум практики для уверенного старта в карьере аналитика данных.",ru,1,4990.0,84,5.0,2,https://stepik.org/course/205032,{'Power BI'},419160.0,10.0
578,201736,"Аналитика данных: MS Power BI, оконные функции","Программа ""Аналитика данных: MS Power BI, оконные функции"" разработана специально для тех, кто хочет начать осваивать аналитику данных с нуля. Вы получите полное понимание работы с данными: от обработки в Power Query до профессиональной визуализации в Power BI, а также научитесь применять оконные функции различных классов на реальной базе данных.",ru,1,3490.0,42,5.0,1,https://stepik.org/course/201736,"{'Power Query', 'Power BI'}",146580.0,5.0
579,190679,"Microsoft Power BI, Power Query, DAX","Курс даёт полное понимание работы с данными в Power BI: от подключения к разным источникам до профессиональной визуализации. Вы научитесь обрабатывать данные в Power Query, строить модель данных, писать меры на языке DAX и создавать интерактивные отчеты.",ru,1,3490.0,1114,4.979166666666667,48,https://stepik.org/course/190679,"{'Power Query', 'Power BI'}",3887860.0,239.0
580,144530,Excel Power Query и Pivot (+BI): с 0 до бизнес-пользователя,"Данный курс - аналог курса автора на платформе UDEMY. Он позволяет макс. быстро ознакомиться с возможностями Power BI в части подключения источников и преобразования данных, моделирования и вычислений, а также визуализации данных в виде отчетов и панелей мониторинга (дашбордов). Он проведет Вас от надстроек Power Query и Pivot  к Excel - и до визуализации в Power BI. Вся сила надстроек Power собрана в одном курсе - используйте вместе на всю мощь!",ru,1,1490.0,5453,4.9336492890995265,211,https://stepik.org/course/144530,"{'Power BI', 'Power Query', 'Excel'}",8124970.0,1041.0
581,138385,Power BI: от новичка до уверенного бизнес-пользователя,"Данный курс - аналог курса автора на платформе UDEMY. Он позволяет макс. быстро ознакомиться с возможностями Power BI в части подключения источников и преобразования данных, моделирования и вычислений, а также визуализации данных в виде отчетов и панелей мониторинга (дашбордов). Курс  спроектирован так, чтобы в самый короткий строк и без излишеств сделать из новичка уверенного бизнес-пользователя основных функционалов Power BI.",ru,1,1590.0,3405,4.970414201183432,169,https://stepik.org/course/138385,{'Power BI'},5413950.0,839.9999999999999
582,135371,Power BI,"На курсе ""Power BI"" обучим функционалу программных продуктов Power BI и Power Query для ускорения обработки данных и их визуализации! Приглашаем всех, кто регулярно работает с данными  и хочет уметь их эффективно визуализировать в дашбордах.",ru,1,15000.0,7,,0,https://stepik.org/course/135371,"{'Power Query', 'Power BI'}",105000.0,0.0
583,130247,Анализ данных в Power BI,"Курс для получения базовых знаний о Power BI. В курсе вы узнаете, как установить нужное ПО, о том, как работать с данными и как делать визуализации на основе дата сетов ",ru,0,0.0,3,5.0,1,https://stepik.org/course/130247,{'Power BI'},0.0,5.0
584,122957,"Power BI для работы: от Excel к дашбордам (Power Query, DAX)","Power BI Desktop — практический курс для бизнес-аналитики: подключение и преобразование данных в Power Query, проектирование модели, вычисления в DAX и интерактивные дашборды. Всё — на одном сквозном бизнес-кейсе: от сырых файлов к отчёту для работы. Структура «от простого к сложному» без «воды» и несвязанных уроков. Подойдёт новичкам и тем, кто хочет системно собрать навыки Power BI. Сопровождение практикующего аналитика: типичные ошибки и фокус на результат",ru,1,1449.0,1546,4.857142857142857,133,https://stepik.org/course/122957,"{'Power Query', 'Power BI'}",2240154.0,646.0
585,111236,Power bi и язык DAX. Базовый уровень. Упор на маркетинг и ecom,"Ознакомьтесь с инструментами визуализации данных дешевле бизнес-ланча! Вас ждет практика, кейсы! Курс краткий, однако достаточен, чтобы освоить азы. Полагаю, вам понравится курс, иначе гарантированно вернем деньги!",ru,1,388.0,1299,4.7534246575342465,146,https://stepik.org/course/111236,{'Power BI'},504012.0,694.0
586,94984,Tableau Advanced - Продвинутые функции и формулы,"Этот курс предназначен для опытных пользователей Tableau, которые хотят углубить свои знания и овладеть сложными техниками визуализации данных. ",ru,1,7900.0,16,,0,https://stepik.org/course/94984,{'Tableau'},126400.0,0.0
587,94450,Tableau Профессионал,"Курс предназначен для начинающих и опытных специалистов, которые хотят изучить все инструменты работы с данными, которые присутствуют в Tableau Desktop. 
Курс содержит 54 урока и 40 практических упражнений",ru,1,5900.0,143,4.7272727272727275,11,https://stepik.org/course/94450,{'Tableau'},843700.0,52.0
588,92012,Визуализация данных и основы работы в Tableau,"Это курс про визуализацию данных и основы работы с Tableau. Он подойдет тем, кто хочет уметь рисовать хорошие качественные графики быстро и эффективно (и никакого программирования!). Умение строить графики и коммуницировать ваши данные - это уже базовая необходимость для работы с ними.

Практика построена вокруг Tableau (одного из самых популярных BI инструментов). Сейчас Tableau - один из топовых навыков на рынке, так что будет +1 отличная строчка для резюме. А лекционная часть позволит отличать плохие графики от хороших и вместе смеяться на 3D пайчартами.",ru,1,4800.0,946,5.0,49,https://stepik.org/course/92012,{'Tableau'},4540800.0,245.0
589,56280,BI разработчик. Основы работы в Tableau,"Это базовый курс по основам работы в программе Tableau Public. Задача курса - дать набор знаний, необходимый для самостоятельной разработки дашбордов.",ru,0,0.0,17879,4.866290018832392,531,https://stepik.org/course/56280,{'Tableau'},0.0,2584.0
590,288398,Эффективная работа в Excel,"Курс создан для тех, кто хочет быстро освоить практические навыки работы в Microsoft Excel и применять их для решения повседневных задач — от учёта личных финансов до подготовки отчётов и анализа данных.",ru,0,0.0,2,,0,https://stepik.org/course/288398,{'Excel'},0.0,0.0
591,288128,Цифровая грамотность для специалиста: от Excel до личного бренда,"Для кого этот курс?Курс разработан специально для студентов СПО, которые хотят повысить свою конкурентоспособность на рынке труда и упростить учебный процесс. Если вы хотите научиться не просто «сидеть в интернете», а использовать цифровые инструменты как профессионал — этот курс для вас.

Чему вы научитесь?Мы объединили три важнейших направления цифровой грамотности в одну логичную программу. Вы пройдете путь от создания простых документов до анализа данных и защиты своей цифровой личности.",ru,0,0.0,1,,0,https://stepik.org/course/288128,{'Excel'},0.0,0.0
592,286639,Электронные таблицы: Excel vs. Google Таблицы,"Научитесь работать в Excel и Google Таблицах с нуля до уверенного уровня. Освоите формулы, функции, ВПР, условное форматирование и анализ данных. Курс включает 28 уроков с практическими заданиями, шаблонами и бизнес-кейсами для реальной работы.",ru,0,0.0,17,,0,https://stepik.org/course/286639,{'Excel'},0.0,0.0
593,283953,ПРОМЕТЕЙ: Excel. Последний инженер,"Вы — последний инженер станции «Прометей».
Системы повреждены, архивы частично утрачены, связь с внешним миром потеряна.

Используя Microsoft Excel, шаг за шагом восстановите данные, получите доступ к ключевым секторам станции и отправьте сигнал SOS, пройдя 10 игровых модулей обучения.",ru,1,490.0,1,,0,https://stepik.org/course/283953,{'Excel'},490.0,0.0
594,283641,"ИИ для ИТР: Excel, отчёты и автоматизация рутины","Практический онлайн-курс для инженеров, ИТР и офисных специалистов: научитесь использовать ИИ для таблиц, отчётов, ТЗ, писем, макросов и повторяющихся рабочих задач — без программирования с нуля.",ru,1,1490.0,2,,0,https://stepik.org/course/283641,{'Excel'},2980.0,0.0
595,277941,"Excel: продвинутый уровень. Лучший курс, в котором есть ВСЕ!","Курс «Excel: продвинутый уровень» (8 недель) предназначен для пользователей с базовыми навыками Excel. Слушатели освоят расширенные формулы и функции, сводные таблицы и дашборды, Power Query и Power Pivot, инструменты анализа данных и прогнозирования. Научатся автоматизировать задачи через VBA‑макросы, визуализировать данные и организовывать совместную работу с защитой информации. Итоговый проект закрепит все навыки на практике.",ru,1,8990.0,0,,0,https://stepik.org/course/277941,"{'Сводные таблицы', 'Power Query', 'Excel'}",0.0,0.0
596,277780,Excel ЕГЭ ИНФОРМАТИКА ЗАДАНИЯ 3 9 18 22,"Excel для новичков: первый шаг в мир данных
LibreOffice Calc
Научитесь работать в Excel без страха и ошибок. Всего за несколько занятий вы освоите интерфейс, научитесь форматировать таблицы, использовать автозаполнение и базовые формулы.",ru,1,690.0,59,5.0,7,https://stepik.org/course/277780,{'Excel'},40710.0,35.0
597,277743,ОГЭ ИНФОРМАТИКА EXCEL 14 задание | LibreOffice Calc,"Excel для новичков: первый шаг в мир данных
📈 Задание 14: Обработка данных в электронных таблицах

LibreOffice Calc
Научитесь работать в Excel без страха и ошибок. Всего за несколько занятий вы освоите интерфейс, научитесь форматировать таблицы, использовать автозаполнение и базовые формулы.",ru,1,290.0,2,5.0,1,https://stepik.org/course/277743,{'Excel'},580.0,5.0
598,277534,Microsoft Word | Excel | Инфорационные технологии LibreOffice  ,"🚀 Что будет содержать курс:
💾 Создание текстового документа
📊 Создание презентаций
📈 Обработка данных в электронных таблицах",ru,1,999.0,92,,0,https://stepik.org/course/277534,{'Excel'},91908.0,0.0
599,277390,"ИНФОРМАТИКА ЕГЭ 2026 | 22, 23 Задание | Курс |  EXCEL | Python","Цель: Изучить с 22 по 23 задания ЕГЭ по информатике. Превратить их в надёжный и предсказуемый фундамент для высокой оценки.

Научитесь работать в Excel без страха и ошибок. Всего за несколько занятий вы освоите интерфейс, научитесь форматировать таблицы, использовать автозаполнение и базовые формулы. Курс идеально подходит для офисных сотрудников, студентов и всех, кто хочет повысить свою компьютерную грамотность. Никакой ""воды"" — только необходимый минимум для старта.",ru,1,490.0,50,5.0,5,https://stepik.org/course/277390,{'Excel'},24500.0,25.0
600,275945,Аналитик продаж. Тест в Excel при собеседовании.,"Тест в Excel для аналитика продаж. За один час, в файле с готовыми исходными данными необходимо заполнить аналитическую таблицу формулами расчёта. В первом модуле - бесплатный тест. Во втором платном модуле - разбор решения, возможность скачать файл с формулами расчёта и дополнительный тест. ",ru,1,500.0,1,,0,https://stepik.org/course/275945,{'Excel'},500.0,0.0
601,275903,Excel MS  с нуля для начинающих Таблица | Формулы | LibreOffice,"Excel для новичков: первый шаг в мир данных

LibreOffice Calc
Научитесь работать в Excel без страха и ошибок. Всего за несколько занятий вы освоите интерфейс, научитесь форматировать таблицы, использовать автозаполнение и базовые формулы. Курс идеально подходит для офисных сотрудников, студентов и всех, кто хочет повысить свою компьютерную грамотность. Никакой ""воды"" — только необходимый минимум для старта.",ru,1,690.0,126,5.0,6,https://stepik.org/course/275903,{'Excel'},86940.0,30.0
602,275632,Секреты визуализации в Excel: от теории к практике,"Развитие практических навыков эффективной визуализации данных в Excel, формирование понимания принципов восприятия и правильного представления информации.",ru,0,0.0,6,,0,https://stepik.org/course/275632,{'Excel'},0.0,0.0
603,275628,Информатика ЕГЭ 2026 | ЗАДАНИЯ  | № 16 17 18 | EXCEL | PYTHON,"Цель: Изучить с 16 по 18 задания ЕГЭ по информатике. Превратить их в надёжный и предсказуемый фундамент для высокой оценки.

Суть: Это — ваш неприкосновенный запас. Задачи стандартные, алгоритмы известны. Главная проблема — невнимательность в условиях стресса. Мы отработаем каждое задание до состояния мышечной памяти, чтобы на экзамене вы действовали на автопилоте.

Как: Чистая прикладная механика.

Шаблоны вместо раздумий: Под каждый номер — свой чёткий протокол действий.",ru,1,490.0,42,5.0,16,https://stepik.org/course/275628,{'Excel'},20580.0,80.0
604,275252,ОГЭ информатика 2026 | Задания 11-16 | часть 2 | Excel | Python,"🚀 Краткий обзор заданий 11-16 второй части ОГЭ по информатике 2026
📂 Задание 11: Поиск информации в файлах и каталогах
💾 Задание 12: Определение количества и объёма файлов
📊 Задание 13: Создание презентации или текстового документа
Вариант 13.1: Презентация.
Вариант 13.2: Текстовый документ. 
📈 Задание 14: Обработка данных в электронных таблицах Excel и 
Liber office
🤖 Задание 15: Алгоритм для исполнителя «Робот»
🤖 Задание 16: Программирование Python с нуля
",ru,1,1199.0,2,,0,https://stepik.org/course/275252,"{'Python', 'Excel'}",2398.0,0.0
605,272776,ЕГЭ ИНФОРМАТИКА 2026 | № 1-15 | ЗАДАНИЯ | КЕГЭ | Python | EXCEL,"Цель: Выжать первые 15 заданий ЕГЭ по информатике досуха. Превратить их в надёжный и предсказуемый фундамент для высокой оценки.

Суть: Это — ваш неприкосновенный запас. Задачи стандартные, алгоритмы известны. Главная проблема — невнимательность в условиях стресса. Мы отработаем каждое задание до состояния мышечной памяти, чтобы на экзамене вы действовали на автопилоте.

Как: Чистая прикладная механика.

Шаблоны вместо раздумий: Под каждый номер — свой чёткий протокол действий.
",ru,1,1490.0,105,5.0,2,https://stepik.org/course/272776,{'Excel'},156450.0,10.0
606,268689,"Нейросети для офиса: освой ИИ для PDF, Word, Excel за неделю","Практический курс для офисных сотрудников. За неделю вечерних занятий научитесь обрабатывать документы с помощью нейросети DeepSeek — без VPN, без программирования, без подписок. Вы получите готовые промпты для использования, реальные офисные кейсы, разбор ошибок ИИ.",ru,1,1850.0,74,4.909090909090909,11,https://stepik.org/course/268689,{'Excel'},136900.0,54.0
607,267616,Excel с уверенностью: очистка и подготовка данных,"Excel не считает суммы, даты не фильтруются, а отчёты ломаются из-за «грязных» данных?
В этом курсе Вы научитесь быстро находить и исправлять скрытые ошибки в таблицах и превращать разовую очистку в автоматический конвейер с помощью Power Query.",ru,1,790.0,14,5.0,5,https://stepik.org/course/267616,"{'Power Query', 'Excel'}",11060.0,25.0
608,265242,Продвинутый Excel,"Перейдите от “просто пользователя” Excel к уровню, где вы реально экономите часы работы и автоматизируете задачи.
Продолжение курса «Просто Excel» (2500+ студентов).",ru,1,590.0,24,5.0,2,https://stepik.org/course/265242,{'Excel'},14160.0,10.0
609,263250,Excel: первый шаг к уверенной работе за 4 дня,"Перестаньте бояться Excel! Этот курс за 4 дня научит вас всему необходимому для работы. Без сложной теории и воды — только практические навыки, которые сразу можно применить в учебе или офисе. Форматирование, формулы, диаграммы и многое другое. Вы получите реальный проект в портфолио и сертификат.",ru,1,490.0,0,,0,https://stepik.org/course/263250,{'Excel'},0.0,0.0
610,261131,Знакомство с электронными таблицами и Microsoft Excel,"Интерактивный модуль по основам Excel. Освойте ключевые элементы интерфейса, научитесь создавать и форматировать простые таблицы, выполнять ввод данных и сохранять рабочие файлы.",ru,0,0.0,3,,0,https://stepik.org/course/261131,{'Excel'},0.0,0.0
611,260189,Excel тренажер: 100 задач по функциям и формулам,"Тренажер по Excel состоит из 100 практических заданий на тренировку популярных функций — от условных до текстовых. Обучение предусматривает небольшие теоретические блоки с разбором синтаксиса функций, усиленную практику в формате тестов и задач, а также поддержку от преподавателя в комментариях.",ru,1,230.0,28,,0,https://stepik.org/course/260189,{'Excel'},6440.0,0.0
612,259890,Excel: Код Спасения,"Участники курса — стажеры в секретной организации «Аналитикс». Их задача — расшифровать данные, оставленные агентом, который расследует загадочные события в виртуальном городе «Даноград». Каждое задание — это шаг к разгадке общей тайны.",ru,0,0.0,139,,0,https://stepik.org/course/259890,{'Excel'},0.0,0.0
613,259712,Электронные таблицы MS Excel базовый уровень ,"Экспресс-курс по базовым инструментам MS Excel включает освоение ввода и форматирования данных, использование формул и функций для вычислений, а также создание диаграмм и сводных таблиц для анализа и визуализации. Начиная с основ, пользователи переходят к решению задач из ЕГЭ с помощью электронных таблиц.",ru,0,0.0,2,,0,https://stepik.org/course/259712,"{'Сводные таблицы', 'Excel'}",0.0,0.0
614,259578,Расширенные возможности MS Excel,"В рамках курса рассматриваются инструменты MS Excel, позволяющие повысить эффективность работы с большими таблицами данных, включая инструменты для контроля вводимых данных, поиска, фильтрации данных, расчета итоговых показателей, визуализации данных, а также инструменты для автоматизации выполнения часто повторяющихся задач и организации безопасной совместной работы с документами.
",ru,0,0.0,256,4.75,4,https://stepik.org/course/259578,{'Excel'},0.0,19.0
615,258072,Оптимизация изучения анализа данных в Excel на базе платформы St,"Модуль 1 познакомит вас с основами Excel, его интерфейсом и работой с файлами. Вы узнаете, что такое электронные таблицы, как ориентироваться на рабочем листе, использовать ленту, строки формул и управлять листами.  ",ru,0,0.0,2,,0,https://stepik.org/course/258072,{'Excel'},0.0,0.0
616,257634,"Excel PRO: Формулы, которые работают за вас","Устали тратить часы на ручные расчёты?
На курсе вы научитесь использовать мощные инструменты - СМЕЩ, ИНДЕКС, СУММПРОИЗВ и другие - чтобы автоматизировать отчёты, анализировать данные и принимать решения быстрее.
Реальные примеры из практики управленческой и финансовой отчетности.
После курса EXCEL начнёт работать на вас, а не наоборот.",ru,1,2900.0,1,5.0,2,https://stepik.org/course/257634,{'Excel'},2900.0,10.0
617,255892,Google Таблицы (Google Sheets): навыки Excel в облаке,"📊 Освойте Google Таблицы с нуля — создавайте формулы, анализируйте данные, стройте графики и автоматизируйте отчёты без кода. Научитесь превращать таблицы в умные дашборды и работать с данными как профессионал.",ru,1,350.0,179,4.5,6,https://stepik.org/course/255892,"{'Google Sheets', 'Excel'}",62650.0,27.0
618,255709,Excel для начинающих,"📘 Курс: Excel для начинающих
Этот курс создан для тех, кто никогда не открывал Excel или боится «сложных формул».
Ты начнёшь с самого начала — что такое ячейка, как вводить данные, как сохранять файл — и пошагово дойдёшь до уверенного владения формулами, фильтрами, сводными таблицами и анализом данных.

✅ Никакой «воды» — только практика и реальные задачи
✅ Каждый урок — как личная беседа с наставником
✅ Ты научишься решать свои задачи: бюджет, учёба, работа, хобби",ru,1,1000.0,0,,0,https://stepik.org/course/255709,"{'Сводные таблицы', 'Excel'}",0.0,0.0
619,254895,Работа в Excel с нуля,"Прокачай навыки в Excel с нуля до продвинутого уровня! Освой интерфейс, формулы и функции.  всё, что нужно чтобы уверенно работать с данными и повысить свою ценность на рынке!",ru,1,300.0,1,,0,https://stepik.org/course/254895,{'Excel'},300.0,0.0
620,254543,Microsoft Excel: Copilot,"Copilot - будущее, которое уже наступило! Курс рассказывает все базу необходимую для того, чтобы освоить Microsoft Copilot и умело использовать этого ИИ-помощника, который будет скоро в большинстве компьютеров и встроен в офисные программы, в том числе и в Excel. Если работа в Эксель вызывает трудности, но использование этого софта необходимость, этот курс расскажет все необходимое для работы в кооперации с этим ""вторым пилотом"" как для простых задач, так и использования Python для более сложных кейсов.",ru,1,200.0,1,5.0,1,https://stepik.org/course/254543,"{'Python', 'Excel'}",200.0,5.0
621,252926,Excel для всех: Продвинутый уровень,"Курс «Excel для всех: Продвинутый уровень» предназначен для пользователей, которые уже владеют основами Excel и хотят углубить свои знания. В рамках курса вы научитесь работать с логическими, проверочными и текстовыми функциями, обрабатывать даты, а также применять Эксель для решения реальных практических задач. Курс помогает повысить эффективность работы с данными и уверенно использовать Эксель в профессиональной деятельности. ",ru,1,500.0,148,4.888888888888889,9,https://stepik.org/course/252926,{'Excel'},74000.0,44.0
622,252046,Тест на уровень Excel,Определи свой уровень Excel — бесплатный тест покажет твои сильные стороны и поможет выбрать шаги для роста!,ru,0,0.0,216,5.0,1,https://stepik.org/course/252046,{'Excel'},0.0,5.0
623,250985,Тестовый курс для примера Excel,"Цель курса:
Дать участникам фундаментальные навыки работы в Excel, позволяющие создавать простые таблицы, выполнять расчёты и оформлять данные для отчётности",ru,0,0.0,3,,0,https://stepik.org/course/250985,{'Excel'},0.0,0.0
624,250657,Экспресс курс Excel. Секреты эффективной работы,"Excel остаётся мощным инструментом для анализа данных, автоматизации и отчётности, но большинство использует лишь малую часть его возможностей. Этот курс для тех, кто уже владеет основами и хочет работать быстрее, точнее и профессиональнее. Вы получите лучшие приёмы, сложные формулы, реальные бизнес-кейсы, освоите Power Query и дашборды - всё, чтобы экономить часы рутинной работы и повысить свою ценность на рынке.",ru,1,3590.0,29,5.0,2,https://stepik.org/course/250657,"{'Power Query', 'Excel'}",104110.0,10.0
625,250190,БАЗА. Основы визуализации данных в Excel,"Курс научит вас быстро и эффективно улучшать таблицы и графики в Excel, превращая сложные отчеты в наглядные и понятные визуализации. Мы пошагово будем улучшать каждый график, вы сможете повторять за мной, чтобы закрепить знания, а в конце получите чеклист на каждый блок. Внутри есть тесты для самопроверки.",ru,0,0.0,10625,4.94017094017094,234,https://stepik.org/course/250190,{'Excel'},0.0,1156.0
626,249256,Тестовое задание на знание Excel при собеседовании,"Тест на проверку знаний Excel среднего уровня. Для соискателей и HR.  Прохождение подобного теста является обязательным для соискателей вакансий, связанных с аналитикой, маркетингом, финансами и многих других.",ru,1,180.0,25,5.0,1,https://stepik.org/course/249256,{'Excel'},4500.0,5.0
627,249253,Прыжок в Excel. Курс с нуля до среднего уровня,"Для тех, кто с нуля быстро хочет прокачать  навыки и освоить Excel в объёме, достаточном для сдачи тестов при собеседовании и выполнения реальных задач на работе.",ru,1,1200.0,10,5.0,1,https://stepik.org/course/249253,{'Excel'},12000.0,5.0
628,247709,Сводные таблицы в Excel. С нуля до анализа данных,"Этот курс создан для тех, кто хочет научиться работать со сводными таблицами в Excel и применять их в реальной работе: для аналитики, отчётов и принятия решений. 

Курс подходит для специалистов любого уровня — от начинающих пользователей до опытных менеджеров, которые хотят повысить эффективность своей работы с данными.

После обучения вы сможете быстро строить понятные отчёты, анализировать информацию с разных углов и тратить меньше времени на рутину в Excel.",ru,0,0.0,3735,4.970414201183432,169,https://stepik.org/course/247709,"{'Сводные таблицы', 'Excel'}",0.0,839.9999999999999
629,247386,Excel для начинающих: 10 шагов к уверенной работе,"Только практика: Каждый урок = решение реальной задачи (составление бюджета, визуализация продаж, защита данных).
✅ Никакого «просто слушайте»: Вы сразу работаете в Excel, повторяя шаги за инструктором.
✅ Экономия времени: Уже после 2-го урока вы сэкономите 1–2 часа в день на расчетах.
",ru,0,0.0,1,,0,https://stepik.org/course/247386,{'Excel'},0.0,0.0
630,247299,Дашборд за 60 минут: динамичный P&L в Excel,"Создай дашборд, который работает вместо Тебя!
За один воркшоп Ты соберёшь свой уникальный P&L-дашборд в Excel — без лишней теории и часовых поисков кнопок. Только нужные шаги, наглядные видео и готовый шаблон в подарок. Мы не просто учим — мы строим с Тобой вместе.
На выходе: 
   * наш дашборд, 
   * Твой дашборд,
   * знания, по которым Ты создашь ещё десятки!
Удобно, быстро, эффективно. И применимо в любой компании!",ru,1,899.0,20,5.0,2,https://stepik.org/course/247299,{'Excel'},17980.0,10.0
631,247038,"AI-интеграции в повседневные инструменты (Word, Excel, Telegram)","Курс «AI-интеграции в повседневные инструменты (Word, Excel, Telegram)» поможет вам эффективно применять возможности искусственного интеллекта в привычных цифровых средах. Вы научитесь автоматизировать работу с текстами, таблицами, презентациями и мессенджерами, используя инструменты вроде Microsoft Copilot, Google Gemini и AI-ботов в Telegram. Курс ориентирован на практику: вы будете упрощать рутину, ускорять принятие решений и повышать продуктивность без программирования.
Курс регулярно актуализируется.",ru,1,990.0,26,5.0,1,https://stepik.org/course/247038,{'Excel'},25740.0,5.0
632,247005,Excel для жизни,"Хотите легко управлять финансами, анализировать данные и автоматизировать рутину? Этот курс научит вас базовому Excel без сложных терминов— только практичные навыки для работы и дома.  
",ru,0,0.0,1,,0,https://stepik.org/course/247005,{'Excel'},0.0,0.0
633,246583,Практические задания по Excel (с НУЛЯ),"Этот курс будет полезен для тех, кто уже владеет теоретическими знаниями по Excel и хочет отработать их на интересных задачах и тестовых вопросах к ним. ",ru,1,250.0,20,5.0,3,https://stepik.org/course/246583,{'Excel'},5000.0,15.0
634,245727,Microsoft Excel с нуля для всех,"ТЕКСТОВЫЙ КУРС подойдет пользователям, которые только начинают свои первые шаги в Excel. В нем собраны наглядные инструкции по практическому применению ключевых инструментов табличного редактора. НАУЧИТЕСЬ настраивать таблицы для решения задач, работать с функциями разных типов, визуализировать аналитику и обеспечивать надёжную защиту конфиденциальных данных на листах и в рабочих проектах. ПОЛУЧИТЕ готовый Excel-файл для практики и электронный сертификат по окончании обучения.",ru,1,250.0,37,5.0,1,https://stepik.org/course/245727,{'Excel'},9250.0,5.0
635,245312,Microsoft Excel cводные таблицы ,"Этот курс предназначен для тех, кто хочет освоить работу со сводными таблицами в Эксель. Вы познакомитесь с интерфейсом Pivot Tables (сводных таблиц) и подробно разберете их функционал. Рассмотрим работу с полями сводной таблицы, изучим дополнительные вкладки: «Анализ сводной таблицы», «Калькулятор», а также такие возможности, как фильтрация, сортировка и группировка данных. Отдельное внимание будет уделено работе с датами. Курс рассчитан на тех, кто уже знаком с программой Microsoft Excel.",ru,1,300.0,36,5.0,1,https://stepik.org/course/245312,"{'Сводные таблицы', 'Excel'}",10800.0,5.0
636,244956,"Excel для  вашей мамы: просто, понятно и без сложных слов","Этот курс – ваш понятный и практичный гид по освоению Excel с нуля до уровня уверенного пользователя. 
Ключевые особенности курса:
Практико-ориентированный подход
Каждый урок содержит:
Примеры из реальной рабочей практики
Готовые шаблоны таблиц
Задания для самостоятельной работы",ru,0,0.0,2,,0,https://stepik.org/course/244956,{'Excel'},0.0,0.0
637,244450,Специалист по Microsoft Office: специалист по Excel,"Excel для анализа данных поможет освоить работу с электронными таблицами —
от базовых функций до продвинутых инструментов Power Query и Power Pivot. Вы научитесь обрабатывать, анализировать и визуализировать данные, создавать удобные отчёты и дашборды.",ru,1,450.0,9,5.0,2,https://stepik.org/course/244450,"{'Power Query', 'Excel'}",4050.0,10.0
638,243690,"Excel для продолжающих: финансы, прогнозирование, аналитика","ТЕКСТОВЫЙ КУРС ориентирован как на начинающих, так и на опытных аналитиков, которые хотят освоить ключевые функции для работы с финансами организации. Научитесь работать как с базовыми инструментами (по типу МИН, МАКС и СРЗНАЧ), так и с продвинутыми функциями (включая ГПР, ВПР, ЧПС, ВСД и другие). Получите готовый Excel-файл с данными и попрактикуетесь в их анализе.",ru,1,210.0,24,,0,https://stepik.org/course/243690,{'Excel'},5040.0,0.0
639,243560,Основы работы в Excel: начинаем с нуля,"Курс ""Основы работы в Excel: начинаем с нуля"" предназначен для тех, кто хочет освоить работу в программе Microsoft Excel с самых азов. В ходе обучения вы познакомитесь с интерфейсом программы, научитесь создавать, редактировать и форматировать таблицы, а также работать с формулами и простыми функциями. Курс включает в себя практические задания, которые помогут закрепить полученные знания. Вы узнаете, как сортировать и фильтровать данные, строить диаграммы и графики, подготавливать документы к печати.",ru,0,0.0,1,,0,https://stepik.org/course/243560,{'Excel'},0.0,0.0
640,242097,Excel и Google таблицы для работы и бизнеса,"🔧 Хотите тратить меньше времени на рутину и больше — на результат?
📊 Научитесь использовать Excel и Google Таблицы как мощный инструмент для расчётов, отчётов и управления данными — даже если вы новичок.
Курс регулярно актуализируется в соответствии с выходом новых технологий.",ru,1,990.0,26,5.0,1,https://stepik.org/course/242097,{'Excel'},25740.0,5.0
641,239053,Microsoft Excel для начинающих,"Этот курс — отличная отправная точка для тех, кто только начинает знакомство с Microsoft Excel. Вы узнаете, как использовать Эксель как калькулятор, освоите базовые функции и научитесь применять их на практике. Мы разберём примеры из категорий ""Дата и время"", ""Математические"" и ""Статистические функции"". Также вас ждёт введение в интерфейс Эксель, знакомство с основными разделами ленты (Главная, Вставка, Разметка страницы, Данные и др.), полезные горячие клавиши и базовые инструменты для работы с таблицами. ",ru,0,0.0,2823,4.614035087719298,57,https://stepik.org/course/239053,{'Excel'},0.0,263.0
642,238039,Excel сводные таблицы и дашборды с нуля,"Курс посвящен изучению базовых инструментов Excel для анализа данных. Вы познакомитесь со сводными таблицами, функциями ВПР и ЕСЛИ в сводных таблицах, а также научитесь создавать удобные и информативные дашборды. 
Курс состоит из пошаговых инструкций со скриншотами и gif-изображениями. ",ru,1,300.0,266,4.928571428571429,14,https://stepik.org/course/238039,"{'Сводные таблицы', 'Excel'}",79800.0,69.0
643,235807,Excel. Создание отчета для начинающих.,"Этот курс предназначен для тех, кто хочет освоить создание отчетности в Excel с нуля до уровня уверенного пользователя. ",ru,0,0.0,4,,0,https://stepik.org/course/235807,{'Excel'},0.0,0.0
644,235699,"Таблицы Excel. Начало изучения, основы программы.","Этот курс познакомит вас с основами работы в Microsoft Excel. Вы узнаете, как создавать и редактировать таблицы, вводить и форматировать данные, использовать простые формулы и функции. Курс включает теоретический материал, практические задания и тест для проверки знаний.",ru,0,0.0,2,,0,https://stepik.org/course/235699,{'Excel'},0.0,0.0
645,235391,Python для работы с Excel и PDF,"Освойте мощные инструменты Python для работы с документами! Эта программа охватывает два ключевых направления: автоматизацию работы с Excel с помощью библиотеки openpyxl и создание PDF-документов с ReportLab. Вы научитесь генерировать, редактировать и форматировать файлы Excel, а также создавать динамические PDF-документы, включая таблицы, диаграммы и сложные макеты.",ru,1,3900.0,52,5.0,1,https://stepik.org/course/235391,"{'Python', 'Excel'}",202800.0,5.0
646,235342,Эффективная работа с данными в Excel и Google Sheets,"В данном курсе главный упор сделан на то, чтобы с минимальным углублением в теорию рассмотреть основы на практических примерах, чтобы получить возможность максимально быстро начать работать с данными инструментами, и в дальнейшем развивать свои навыки.
Если вы стремитесь развиваться и не стоять на месте, вам интересно расширять границы, получать новые знания и готовы вкладывать свои ресурсы ради собственного роста - вы на верном пути.
Видео лекции сочетает в себе как объяснение базовых понятий и элементов, ",ru,0,0.0,6,,0,https://stepik.org/course/235342,"{'Google Sheets', 'Excel'}",0.0,0.0
647,235149,Основы Excel ,"Этот курс идеально подходит для тех, кто вообще ничего не знает о Excel, но хочет освоить его с нуля. Если вы никогда не работали с электронными таблицами или только начинаете знакомство с Excel, этот курс станет вашим надежным проводником в мир данных, расчетов и автоматизации.",ru,0,0.0,14,,0,https://stepik.org/course/235149,{'Excel'},0.0,0.0
648,233699,Cтарт Excel онлайн — с нуля до PRO,"Курс по Excel для начинающих! 

С помощью курса вы пошагово освоите Excel с нуля! Наш путь будет сопровождаться структурированной теорией, интересными практическими заданиями, а по завершению вы получите сертификат о прохождении курса.",ru,1,9490.0,8,5.0,2,https://stepik.org/course/233699,{'Excel'},75920.0,10.0
649,230479,Microsoft Excel (Расширенный курс),"Этот курс — ваш первый шаг к уверенной работе в Microsoft Excel. Вы научитесь создавать таблицы, выполнять расчёты, визуализировать данные и автоматизировать рутину.",ru,1,150.0,17,,0,https://stepik.org/course/230479,{'Excel'},2550.0,0.0
650,230178,Microsoft Excel. С абсолютного нуля до Уверенного Пользователя,"Устали перематывать часовые видео в поисках одного действия?

Этот курс — антипод скучным лекциям. Только структурированный текст: читайте в своем темпе, усваивайте за 5 минут, а не за час. 

Никакой «воды», болтовни и лишних телодвижений. Только суть: от первой ячейки до уверенной работы со сводными таблицами, ВПР и сложными графиками.",ru,1,1500.0,6,,0,https://stepik.org/course/230178,"{'Сводные таблицы', 'Excel'}",9000.0,0.0
651,229047,Excel для всех: Базовый уровень,"Курс ""Excel для всех: Базовый уровень"" предназначен для новичков, желающих освоить основные функции Эксель. В рамках курса вы научитесь работать с листами и ячейками, освоите основы работы с числами, а также получите первые навыки использования формул и диаграмм. Курс помогает уверенно начать использовать Эксель для повседневных задач и анализа данных. Подходит для всех, кто хочет улучшить свои навыки работы с таблицами.",ru,0,0.0,5242,4.94017094017094,117,https://stepik.org/course/229047,{'Excel'},0.0,578.0
652,229016,Просто Excel,"Освойте Excel с нуля до уверенной работы за 2 часа — без лишней теории и перегруза.
Уже более 2000 человек прошли этот курс и начали применять Excel в работе.

Если Вы открываете Excel и:
- тратите много времени на простые задачи
- боитесь формул
- делаете всё “вручную”, хотя понимаете, что можно быстрее
Этот курс решит Ваши проблемы за один вечер.",ru,1,490.0,2890,4.8,50,https://stepik.org/course/229016,{'Excel'},1416100.0,240.0
653,227601,Функция ВПР - Мини-курс MS Excel для начинающих,"Перед вами мини-курс посвященный фунции ВПР. Этот мини-курс поможет вам научиться использовать данную функцию и понимать, в каких ситуациях этот инструмент может быть вам полезен.",ru,1,170.0,5,5.0,1,https://stepik.org/course/227601,{'Excel'},850.0,5.0
654,226885,Recruitment with excellence: курс для линейных менеджеров,"Курс ""Recruitment with Excellence"" предназначен для линейных менеджеров, которые хотят улучшить свои навыки в области подбора персонала и научиться эффективно привлекать, отбирать и удерживать талантливых сотрудников. В условиях высокой конкуренции на рынке труда важно не только найти подходящих кандидатов, но и создать положительный имидж компании как работодателя.",ru,0,0.0,3,,0,https://stepik.org/course/226885,{'Excel'},0.0,0.0
655,224189,Информационные технологии. Электронные таблицы  Microsoft Excel.,"Курс по информатике для 9 класса на тему ""Информационные технологии – электронные таблицы"" предоставляет учащимся ряд знаний и навыков, которые могут быть полезны как в учебе, так и в будущей профессиональной деятельности. ",ru,0,0.0,388,4.0,2,https://stepik.org/course/224189,{'Excel'},0.0,8.0
656,224074,Практикум по Microsoft Excel (для начинающих),"Этот курс предназначен для тех, кто хочет освоить основы работы с Microsoft Excel и научиться эффективно использовать этот мощный инструмент для обработки и анализа данных. Мы начнем с самых базовых понятий, таких как интерфейс программы, работа с ячейками и листами, и постепенно перейдем к более сложным темам, включая работу с формулами, функциями, сортировкой и фильтрацией данных, созданием графиков и диаграмм.",ru,0,0.0,162,5.0,4,https://stepik.org/course/224074,{'Excel'},0.0,20.0
657,223462,"Уверенный пользователь MS Excel, Google Sheets, Google Forms","Новинка 2026 года на Stepik. Почувствуйте себя уверенно при работе в популярных программах для обработки данных (MS Excel), при совместной работе с данными онлайн (Google Таблицы), при создании анкет на этапе сбора данных (Google Формы). Комплексный курс для подготовки профессионалов с современным набором навыков.",ru,1,12000.0,1,,0,https://stepik.org/course/223462,"{'Google Sheets', 'Excel'}",12000.0,0.0
658,223258,Формулы и функции — Курс MS Excel для начинающих,"Перед вами курс по формулам и функциям Excel с акцентом на практику. Вы научитесь решать реальные задачи с помощью функций и формул, получая максимум полезных навыков.",ru,1,3450.0,4,5.0,1,https://stepik.org/course/223258,{'Excel'},13800.0,5.0
659,222663,Учебник Excel. Часть 1. Базовые основы,"Данный курс является 1 частью общего курса со следующей структурой:
Часть 1. Базовые основы.
Часть 2. Функции в Excel
Часть 3. Анализ данных в Excel. Query. Pivot
Часть 1 курса ""Базовые основы"" обучает основам работы в Excel, включая создание и настройку таблиц, использование формул и функций для решения различных задач. В процессе обучения вы освоите методы работы с текстовыми данными, создание графиков и диаграмм, а также анализ данных с помощью сводных таблиц и графиков. ",ru,0,0.0,1671,4.823529411764706,34,https://stepik.org/course/222663,"{'Сводные таблицы', 'Excel'}",0.0,164.0
660,222276,"""Поколение Excel"": курс для начинающих","Курс ""Поколение Excel"" предназначен для начинающих пользователей, которые хотят освоить основы работы с программой Microsoft Excel. В рамках курса участники познакомятся с основными функциями и инструментами Excel, которые помогут им эффективно обрабатывать и анализировать данные. 
",ru,0,0.0,2,,0,https://stepik.org/course/222276,{'Excel'},0.0,0.0
661,220564,Задачи Excel. Школьный курс,"Практический online-курс по работе в Excel. Состоит из  текстовых объяснений с тестами и заданиями.Excel - программа, который пользуются в каждой компании. Работа с формулами, обработка больших таблиц и построение графиков - вот что должен уметь каждый пользователь. Данный курс подойдёт для тех, то хочет научиться решать задачи с помощью Excel.При должном терпении и усилиях, которые вы приложите при обучении незамедлительно дадут хорошую практическую базу для работы с данной программой.",ru,0,0.0,4,,0,https://stepik.org/course/220564,{'Excel'},0.0,0.0
662,219191,Excel Power Query и Pivot:  от новичка до профессионала,"Программа объединяет набор курсов по работе с Power Query и Pivot  в Excel, которые продвинут студента с уровня полного новичка (никогда не работал с этими надстройками) на уровень продвинутого пользователя (способного не только пользоваться пользовательским интерфейсом, а и писать код в строке формул - владеет основами языка М и расширенными знаниями языка DAX).",ru,1,3590.0,255,5.0,4,https://stepik.org/course/219191,"{'Power Query', 'Excel'}",915450.0,20.0
663,218976,Excel для новичков - Быстрое и понятное освоение Эксель,"Курс подойдёт для тех, кто хочет прокачаться в Excel за минимальный срок, решая задачи, максимально приближенные к боевым.",ru,1,499.0,0,,0,https://stepik.org/course/218976,{'Excel'},0.0,0.0
664,218141,English: EXCEL - 7 grade,"Skills Focus:
-Reading and Listening for specific information and main ideas
-Speaking: Making plans
-Writing an email about you favourite hobby

Themes: 
-hobbies and leisure activities
-Values: Benefits of hobbies

Language focus:
-present simple vs present continuous
-singular/plural nouns
-comparative/superlative",ru,0,0.0,2,5.0,1,https://stepik.org/course/218141,{'Excel'},0.0,5.0
665,216619,Удовольствие от Excel: формулы и функции,"Вторая часть нашего курса о погружении в Excel. На этот раз мы приступим к чуть более сложным инструментам: формулам и функциям, которые наиболее часто пригождаются при работе с большим объемом данных. 

",ru,1,1500.0,1,,0,https://stepik.org/course/216619,{'Excel'},1500.0,0.0
666,216618,Удовольствие от Excel: полезные возможности,"Хотите перейти с Excel на ""ты""? Здесь вы научитесь использовать простые и понятные инструменты которые не очевидны для новичков, но пригождаются для любых целей в электронных таблицах. ",ru,1,1000.0,2,,0,https://stepik.org/course/216618,{'Excel'},2000.0,0.0
667,219396,Google Sheets на Python,"Рассмотрим  как работать с API Google Sheeets,как выполнять запросы от авторизованного пользователя. Сводные таблицы.

  
  
  
  
  
",ru,1,2000.0,1,5.0,1,https://stepik.org/course/219396,"{'Сводные таблицы', 'Google Sheets'}",2000.0,5.0
668,196336,Google Sheets (Google Таблицы): Полный курс + шаблоны,"Курс по Google Sheets предназначен для тех, кто хочет научиться эффективно работать с электронными таблицами. Вы освоите базовые и продвинутые функции, научитесь анализировать данные, использовать сводные таблицы, работать с текстом, применять условное форматирование, строить графики и оформлять дашборды. Курс подойдёт как для начинающих пользователей, так и для тех, кто хочет углубить свои знания и автоматизировать работу с таблицами.",ru,1,390.0,53,3.6666666666666665,3,https://stepik.org/course/196336,"{'Сводные таблицы', 'Google Sheets'}",20670.0,11.0
669,179704,Google Sheets на Python,"Рассмотрим  как работать с API Google Sheeets,как выполнять запросы от авторизованного пользователя. Сводные таблицы.",ru,1,2900.0,4,5.0,1,https://stepik.org/course/179704,"{'Сводные таблицы', 'Google Sheets'}",11600.0,5.0
670,173499,Google Sheets понятным языком,"Начните писать базовые формулы, делать Telegram - ботов и научитесь видеть возможности для автоматизации всех процессов. ",ru,1,2500.0,21,4.5,2,https://stepik.org/course/173499,{'Google Sheets'},52500.0,9.0
671,104614,Погружение в Google Sheets,Практический курс по работе в Google Таблицах. Научитесь уже сегодня решать задачи и анализировать данные.,ru,1,1190.0,297,4.774193548387097,31,https://stepik.org/course/104614,{'Google Sheets'},353430.0,148.0
672,252388,"Google Таблицы: полезные функции, сводные таблицы и дашборды","ТЕКСТОВЫЙ КУРС посвящен изучению основ работы со сводными таблицами и дашбордами в Google Таблицах. Узнаете, как преобразовать массив данных в форматируемую и сводную таблицы, научитесь создавать информативные дашборды и пользоваться аналитическими функциями. Вас ждут подробные инструкции со скриншотами и гифками, а также тесты и практические задания для тренировки и закрепления знаний. По завершении обучения получите ИМЕННОЙ СЕРТИФИКАТ.",ru,1,250.0,35,5.0,1,https://stepik.org/course/252388,{'Сводные таблицы'},8750.0,5.0
673,186392,Обучение Microsoft Excel с Нуля + Сводные таблицы и Дашборды,"Данный курс подходит для тех, кто желает изучить Microsoft Excel, курс предназначен для быстрого освоения основного функционала, функций и формул!
Так же он подойдет для тех, кто желает получить знания, которые помогут свести любые массивы данных в стройные понятные итоговые таблицы! Он подойдет для тех, кто уже имеет опыт работы с Excrl и созданием сводных таблиц и хочет дополнить свои знания.",ru,1,1299.0,575,,0,https://stepik.org/course/186392,"{'Сводные таблицы', 'Excel'}",746925.0,0.0
674,181368,Сводные таблицы и Дашборды в Excel,"Данный курс подходит для тех, кто желает получить знания, которые помогут свести любые массивы данных в стройные понятные итоговые таблицы! Так же он подойдет для тех, кто уже имеет опыт работы в создании сводных таблиц и хочет дополнить свои знания. В данном курсе главный упор сделан на то, чтобы с минимальным углублением в теорию рассмотреть основы на практических примерах, чтобы получить возможность максимально быстро начать работать с данными инструментами, и в дальнейшем развивать свои навыки.",ru,1,749.0,4803,4.905511811023622,127,https://stepik.org/course/181368,{'Сводные таблицы'},3597447.0,623.0
675,89382,MS Excel: сводные таблицы и визуализация данных,Слушатели научатся составлять отчеты в виде сводных таблиц и визуализировать представляемые данные в виде диаграмм.,ru,0,0.0,13,,0,https://stepik.org/course/89382,{'Сводные таблицы'},0.0,0.0
676,201431,Основы M в Power Query для бизнес-пользователей,"Данный курс  один из разделов более широкого курса https://stepik.org/199534. Он предназначен только для тех кому нужно освоить с нуля М, либо освежить имеющиеся знания, без погружения в другие расширенные возможности Power Query.",ru,1,790.0,78,4.75,4,https://stepik.org/course/201431,{'Power Query'},61620.0,19.0
677,199534,Advanced\Расширенный Power Query для бизнес-пользователей,Данный курс - аналог курса автора на платформе UDEMY. В нем изложена практика использования расширенных возможностей Power Query (вкл. основы языка М) для Excel и Power BI,ru,1,1790.0,878,5.0,23,https://stepik.org/course/199534,"{'Power BI', 'Power Query', 'Excel'}",1571620.0,115.0
678,189549,Полный курс Excel + Power Query: от новичка до эксперта,"Пошаговая прокачка навыков работы в Excel: повышайте эффективность, экономьте время и удивляйте. Полный курс: от основ работы в Excel до автоматизации обработки данных в PowerQuery",ru,1,6990.0,60,5.0,6,https://stepik.org/course/189549,"{'Power Query', 'Excel'}",419400.0,30.0
679,188966,Основы PowerQuery для всех,Пошаговый разбор базовых инструментов PowerQuery для решения реального бизнес-кейса (контроль ликвидности запасов),ru,1,2990.0,21,5.0,3,https://stepik.org/course/188966,{'Power Query'},62790.0,15.0
680,122704,"Power Query, Pivot Tables для финансистов","Мини-курс "" Точечные решения задач финансового анализа и бюджетирования с помощью Power Query и Pivot Tables""",ru,1,15000.0,2,,0,https://stepik.org/course/122704,{'Power Query'},30000.0,0.0
681,118984,Power Query и сводные отчеты в MS Excel,"Курс знакомит с аналитическими инструментами MS Excel и подходит для начинающих знакомство с инструментами анализа данных в целом.
В формате case-study вы научитесь подключаться к данным из различных источников, преобразовывать данные и готовить аналитические витрины, строить сводные отчеты  в MS Excel.",ru,1,1000.0,103,4.6923076923076925,13,https://stepik.org/course/118984,"{'Power Query', 'Excel'}",103000.0,61.0
682,114097,Продвинутый Курс по Excel. от ВПР до Power Query,"Продвинутый курс по Excel - мощные и продвинутые инструменты для работы в Excel: сложные диаграммы, продвинутые функции и формулы, анализ данных с Power Query, программирование макросов на VBA

- 22 урока
- 18 Excel-файлов к урокам 
- 9 часов практических занятий",ru,1,1990.0,32,3.5,2,https://stepik.org/course/114097,"{'Power Query', 'Excel'}",63680.0,7.0
683,70842,Power Query в Excel,Часто приходится писать трехэтажные формулы или макросы для причёсывания исходных данных? Нужно собирать отчёты из нескольких десятков или даже сотен Excel-файлов и учётных систем? Power Query поможет выполнить эти задачи за пару кликов. Сделал раз и забыл.,ru,1,17900.0,6,1.0,1,https://stepik.org/course/70842,"{'Power Query', 'Excel'}",107400.0,1.0
684,216086,Продуктовые метрики. Визуализация в  Python и BI Yandex DataLens,"На курсе вы познакомитесь с большим количеством продуктовых и бизнес метрик. Поймете их ценность для бизнеса, и как они взаимосвязаны друг с другом. А также научитесь рассчитывать и визуализировать ключевые метрики, представляя их в виде наглядных графиков с помощью Python и дашбордов в BI-платформе. Курс полностью практический: достаем данные из базы данных, обрабатываем их в Python с помощью библиотеки Pandas, визуализируем данные с помощью библиотек Matplotlib и Seaborn и строим дашборды в BI DataLens.",ru,1,2490.0,683,5.0,9,https://stepik.org/course/216086,"{'Python', 'Pandas', 'Продуктовые метрики'}",1700670.0,45.0
685,243069,User stories: полный курс,"User Stories: полный курс — это практический онлайн-курс из 10 модулей, который научит вас создавать понятные, эффективные и приносящие результат пользовательские истории. Вы узнаете, как писать User Stories, которые действительно работают: от структуры и критериев приемки до взаимодействия с командой, приоритизации и внедрения в реальные проекты.
Курс регулярно актуализируется в соответствии с выходом новых технологий.",ru,1,990.0,42,5.0,2,https://stepik.org/course/243069,{'User stories'},41580.0,10.0
686,287079,BPMN 2.0 с нуля: полный теоретический курс,"Курс по BPMN с полной и понятной теорией: разберете элементы нотации, научитесь читать BPMN-диаграммы, понимать логику процессов, работать с событиями, задачами, шлюзами, пулами, дорожками, потоками и избегать типовых ошибок моделирования.",ru,1,490.0,4,5.0,1,https://stepik.org/course/287079,{'BPMN'},1960.0,5.0
687,285487,BPMN 2.0 с нуля: теория + практика с фидбеком от автора,"Курс по BPMN с понятной теорией и практикой: разберете элементы нотации, научитесь читать и строить BPMN-диаграммы, работать в draw.io, поймете типовые ошибки моделирования и закрепите навык на заданиях с фидбеком от автора.",ru,1,1990.0,2,5.0,1,https://stepik.org/course/285487,{'BPMN'},3980.0,5.0
688,282011,Курс BPMN. Быстро и просто!,"Превратите хаос инструкций в прозрачную схему. За 4 занятия вы перестанете путаться в типах событий и таймеров, научитесь декомпозировать процессы и готовить модели для передачи в IT или любой другой отдел. Идеально для бизнес-аналитиков, системных-аналитиков, проджектов и руководителей отделов.",ru,1,1000.0,2,,0,https://stepik.org/course/282011,{'BPMN'},2000.0,0.0
689,274926,Моделирование в BPMN,"Краткий курс по моделированию бизнес-процессов в BPMN.

Большинство современных компаний сегодня выбирают BPMN в качестве стандарта для моделирования своих процессов. ",ru,0,0.0,5,,0,https://stepik.org/course/274926,{'BPMN'},0.0,0.0
690,252626,BPMN: мини-курс для начинающих,"Этот курс - вводный, знакомство с нотацией BPMN 2.0. Минимум базовых элементов, но - достаточный для простых диаграмм. Формат изложения - ""на пальцах"", разбор примеров и подводных камней, работа с редактор bpmn.io",ru,0,0.0,1611,4.958904109589041,73,https://stepik.org/course/252626,{'BPMN'},0.0,362.0
691,242996,BPMN 2.0: Полный курс,"Научитесь профессионально моделировать бизнес-процессы с помощью нотации BPMN 2.0 — международного стандарта, применяемого в бизнес-аналитике, управлении проектами и автоматизации процессов. Курс охватывает все элементы BPMN: события, задачи, шлюзы, подпроцессы и взаимодействия между участниками. Вы получите как теоретические знания, так и практические навыки построения диаграмм для реальных сценариев.
Курс регулярно актуализируется в соответствии с выходом новых технологий.",ru,1,1600.0,30,5.0,1,https://stepik.org/course/242996,{'BPMN'},48000.0,5.0
692,240830,Тест на знание основ BPMN (10 вопросов),"Тест предназначен для проверки знаний по основам нотации BPMN и включает в себя 10 вопросов по следующим категориям элементов BPMN:
- Шлюзы (развилки)
- События
- Соединительные элементы
- Подпроцессы",ru,0,0.0,1,,0,https://stepik.org/course/240830,{'BPMN'},0.0,0.0
693,240280,"Введение в системный анализ (требования, User-Story, UML, BPMN)","МАКСИМУМ РАЗНООБРАЗНЫХ ЗАДАНИЙ НА ПРАКТИКУ по теме! Коллеги, перед Вами НАИБОЛЕЕ ПОЛНЫЙ КУРС ДОКУМЕНТАЦИИ Системного Анализа, в котором Вы изучите работу с требованиями, все их виды и взаимосвязи, техники выявления, а также самые используемые нотации для проектирования процессов и вариантов использования с указанием примечаний и рекомендаций автора для подготовки непосредственно к собеседованиям, что прокачает ваши навыки для получения ЖЕЛАЕМОГО ГРЕЙДА.",ru,1,2199.0,44,4.333333333333333,3,https://stepik.org/course/240280,"{'BPMN', 'UML'}",96756.0,13.0
694,232564,BPMN для аналитиков,"Курс детально описывает стандарт BPMN 2.0 и учит проектировать, а также ревьювить чужие бизнес процессы на задачах из реальных проектов.",ru,1,3500.0,90,5.0,2,https://stepik.org/course/232564,{'BPMN'},315000.0,10.0
695,214430,BPMN 2.0 основы для начинающих,Этот курс поможет вам освоить основы BPMN 2.0! 🎓 Вы узнаете ключевые элементы нотации и научитесь моделировать бизнес-процессы легко и эффективно. 🚀,ru,1,390.0,141,4.5,22,https://stepik.org/course/214430,{'BPMN'},54990.0,99.0
696,210729,BPMN,"Этот курс по BPMN (Business Process Model and Notation)  

Вы узнаете:
-Основы BPMN: Поймете принципы моделирования процессов,  овладеете  языком  BPMN  и  его  элементами. 
-Создание  диаграмм: Научитесь  создавать  четкие  и  информативные  диаграммы,  отображающие  процессы  вашего  бизнеса.
-Типы  элементов: Разберетесь  с  задачами,  шлюзами,  событиями  и  другими  элементами  BPMN.",ru,0,0.0,4,5.0,1,https://stepik.org/course/210729,{'BPMN'},0.0,5.0
697,209477,BPMN 2.0 для начинающих,"Хотите начать свой путь бизнес-аналитика? Изучите BPMN с нуля!
Этот курс создан специально для тех, кто хочет освоить нотацию BPMN с нуля и получить практические навыки, необходимые для успешной работы в качестве аналитика. 
Благодаря  опыту работы аналитиком, я не только научу вас BPMN, но и поделюсь важными нюансами, которые помогут вам при прохождении собеседования.",ru,1,200.0,338,4.705882352941177,17,https://stepik.org/course/209477,{'BPMN'},67600.0,80.0
698,208216,Нотация BPMN 2.0,С нуля научишься строить бизнесы процессы в BPMN.,ru,1,790.0,298,4.785714285714286,28,https://stepik.org/course/208216,{'BPMN'},235420.0,134.0
699,205421,Дизайн презентаций в Power Point и Canva. +Основы BPMN,"Пройдя этот курс Вы научитесь делать качественные профессиональные презентации в Power Point (PowerPoint) и онлайн-сервисе Canva, а также получите множество адаптивных примеров и ресурсов для скачивания (дизайн), которые помогут Вам создавать уникальный продукт. Приятным бонусом станет авторская методика бизнес-моделирования (BPMN) в ppt с адаптивными примерами которые Вы с легкостью сможете интегрировать в любую сферу.",ru,1,480.0,31,4.666666666666667,3,https://stepik.org/course/205421,{'BPMN'},14880.0,14.0
700,197988,BPMN 2.0: Моделирование бизнес-процессов в нотации BPMN,"В этом курсе вы получите базовые знания по нотации описания бизнес-процессов BPMN. После его прохождения вы сможете создавать и читать модели процессов. В курсе есть теоретические материалы, тесты для проверки и примеры описания процессов в нотации.
Курс соответствует спецификации BPMN 2.0",ru,1,500.0,3489,4.902834008097166,247,https://stepik.org/course/197988,{'BPMN'},1744500.0,1211.0
701,100116,Базовый курс по моделированию бизнес процессов в BPMN,Данный курс является результатом 2-х летней работы и включает в себя все что необходимо для того чтобы научиться правильно и быстро создавать диаграммы BPMN. В курс входит как теоретическая часть так и практическая.,ru,1,100.0,6,,0,https://stepik.org/course/100116,{'BPMN'},600.0,0.0
702,282288,Диаграмма последовательности в plantUML,"Этот курс — практическое руководство по созданию диаграмм последовательностей (sequence diagrams) в PlantUML. Вы не просто изучите синтаксис, а сразу примените знания в деле.",ru,1,600.0,2,,0,https://stepik.org/course/282288,{'UML'},1200.0,0.0
703,266540,Диаграммы UML,"Курс заложит основы UML! Он познакомит тебя с синтаксисом, поможет освоить объектно-ориентированный подход, научит «читать» и создавать 14 типов диаграмм UML.",ru,0,0.0,9,,0,https://stepik.org/course/266540,{'UML'},0.0,0.0
704,242922,UML для разработчиков и аналитиков: говорим на одном языке,"Визуализируй архитектуру систем, чтобы тебя понимала любая команда.

Освойте универсальный язык моделирования UML с нуля до уверенного практического применения. В курсе вы научитесь визуализировать, анализировать и проектировать архитектуру программных систем с помощью различных типов UML-диаграмм. Пошагово изучите от базовых понятий до построения комплексной модели системы.
Курс регулярно актуализируется в соответствии с выходом новых технологий.",ru,1,1600.0,41,,0,https://stepik.org/course/242922,{'UML'},65600.0,0.0
705,232534,PlantUML для системных аналитиков,"Курс сделан для системных аналитиков (СА), которые работают на интеграционных проектах.

Упор будет сделан только в сторону диаграммы последовательности (sequence diagram), так как она используется чаще всего и обычно во всех остальных курсах данный инструмент описывается поверхностно, хотя он 1 из основных в работе СА.",ru,1,990.0,0,,0,https://stepik.org/course/232534,{'UML'},0.0,0.0
706,214677,Моделирование в UML,"Курс позволит вам получить навык моделирования в UML с использованием инструментов Drawio и plantUML. В процессе обучения вы изучите основные UML диаграммы (Use Case, Activity, Sequence, Component, Class, Deployment и т.д.). После каждого урока вы будете выполнять практические задания с обратной связью от преподавателя. Вы будете работать над реальным проектом и создавать для него UML диаграммы. В дальнейшем можете использовать данный проект для портфолио.",ru,1,4880.0,34,4.0,2,https://stepik.org/course/214677,"{'UML', 'Use cases'}",165920.0,8.0
707,212663,Plantuml #Основы,"Курс по основам plantuml. 

Plantuml - это язык разметки, позволяющий генерировать различные диаграммы UML (и не только UML)",ru,0,0.0,1284,4.928571428571429,42,https://stepik.org/course/212663,{'UML'},0.0,207.0
708,189440,UML: язык моделирования (базовый курс),"UML (Unified Modeling Language) - это стандартный язык моделирования, используемый для визуализации, проектирования и документирования систем. Здесь представлен краткий обзор курса по UML.",ru,0,0.0,3931,3.6363636363636362,99,https://stepik.org/course/189440,{'UML'},0.0,360.0
709,177849,Практический анализ ПО с моделированием на UML  ,"Целью курса является обучение слушателей теоретическим основам объектно-ориентированного подхода, практическим методам визуального проектирования и технологии разработки программного обеспечения с использованием компьютеризированных систем разработки (CASE).",ru,0,0.0,4154,3.9,40,https://stepik.org/course/177849,{'UML'},0.0,156.0
710,284169,CRM-удержание: как сохранить клиентскую базу в мае,"Вы заложили фундамент в январе. Запустили рост в феврале. Усилили результат в марте. Перешли к системе в апреле. Теперь время сохранить базу.

Этот курс — о том, как пройти май без потерь: адаптироваться к праздничным разрывам, вернуть клиента после выходных и удержать вовлеченность, когда все идет вразрез.",ru,0,0.0,22,,0,https://stepik.org/course/284169,{'CRM'},0.0,0.0
711,279219,CRM-масштаб: как развить успех в апреле,"Курс о том, как перевести мартовский импульс в устойчивую систему. Вы разберете, как в апреле выстраивать CRM-коммуникации для B2C и B2B: сегменты, триггеры, визуал и метрики, которые помогают удерживать клиентов, закреплять привычки и масштабировать то, что уже работает.",ru,0,0.0,26,,0,https://stepik.org/course/279219,{'CRM'},0.0,0.0
712,272383,CRM-рывок: как усилить рост показателей в марте,"Вы заложили фундамент в январе. Запустили рост в феврале. Теперь время усиливать результат.

Этот курс — о том, как использовать мартовские возможности: весенний всплеск спроса в B2C и активизацию лиц, принимающих решения, в B2B.",ru,0,0.0,26,,0,https://stepik.org/course/272383,{'CRM'},0.0,0.0
713,268184,CRM-эксперимент: запускаем рост в феврале,"Первый месяц года позади — пора переходить от планов к действиям. Этот интенсив для тех, кто хочет выжать максимум из старта года. Вы получите работающие механики Growth-маркетинга: готовые фреймворки для массовых и триггерных рассылок, стратегию для товарных рекомендаций и методологию A/B-тестов. Внедрите системные решения, которые начнут повышать конверсию, средний чек и LTV уже в первом квартале, заложив основу для успешного года.",ru,0,0.0,65,,0,https://stepik.org/course/268184,"{'A/B тесты', 'CRM'}",0.0,0.0
714,261231,CRM-старт: как заложить основу успешного года в январе,"Краткий интенсив о том, как использовать первый месяц года для запуска мощной CRM-стратегии. Вы получите готовый план, который поможет провести аудит текущих процессов, выстроить систему работы с клиентами и заложить фундамент для гарантированного роста показателей и выполнения годового плана.",ru,0,0.0,83,5.0,1,https://stepik.org/course/261231,{'CRM'},0.0,5.0
715,254317,REES46: CRM-маркетинг полного цикла для роста ценности клиента,"Интенсивный курс предоставляет комплексное понимание функциональных возможностей платформы REES46, ориентированных на автоматизацию маркетинга и повышение эффективности продаж. В процессе обучения рассматриваются реальные кейсы и практические примеры, а также даются конкретные рекомендации по использованию инструментов платформы для решения ключевых бизнес-задач.",ru,0,0.0,97,,0,https://stepik.org/course/254317,{'CRM'},0.0,0.0
716,253175,"Мономиф лояльности. CRM-маркетинг по канонам ""Пути Героя""","Как превратить CRM из скучной рассылки в захватывающее приключение для клиента? Этот курс дает ответ. Вы узнаете, как структура древних мифов — мономиф Джозефа Кэмпбелла и 12 этапов Пути Героя Кристофера Воглера — ложится на жизненный цикл клиента. Бонусом — 7 функций Владимира Проппа для триггерных писем.",ru,0,0.0,11,,0,https://stepik.org/course/253175,{'CRM'},0.0,0.0
717,252713,Copy of Внедрение CRM Битрикс24 без программиста,"Курс поможет избежать типичных ошибок при внедрении CRM.
Курс состоит из 30 видеоуроков по 5–7 минут. В каждом уроке - правдивые кейсы и советы экспертов, основанные на опыте.
Задания в конце занятий - чтобы сразу применить новые знания на практике.",ru,0,0.0,16,,0,https://stepik.org/course/252713,{'CRM'},0.0,0.0
718,251119,Кросс-дисциплинарный CRM-маркетинг: теория и практика,"Курс о том, как выстроить CRM-стратегию на стыке наук о человеке и данных. Психология и нейробиология — чтобы понимать мотивы, социология — чтобы говорить с разными племенами, семиотика — чтобы управлять знаками, сторителлинг — чтобы истории запоминались, data science — чтобы видеть паттерны, экономика — чтобы считать деньги, закон и этика — чтобы строить долгосрочное доверие. Результат: рост LTV и переход от тактики к стратегии.",ru,0,0.0,92,,0,https://stepik.org/course/251119,{'CRM'},0.0,0.0
719,250965,CRM-сегментация: объединяя стратегию и тактику для роста бизнеса,Курс предлагает системный подход к CRM-сегментации. Вы освоите методологию сочетания оперативного тактического управления с глубоким стратегическим планированием.  Результат — повышение клиентской лояльности и максимальная капитализация клиентской базы.🚀,ru,0,0.0,73,5.0,1,https://stepik.org/course/250965,{'CRM'},0.0,5.0
720,247096,CRM-маркетинг в эпоху поколенческого разрыва,"Курс предлагает комплексный обзор принципов поколенческого маркетинга для CRM-специалистов, маркетологов и руководителей. Особое внимание уделяется генерированию релевантных коммуникационных стратегий, формированию лояльности и пониманию факторов, определяющих поведение потребителей разных возрастных групп.",ru,0,0.0,928,5.0,3,https://stepik.org/course/247096,{'CRM'},0.0,15.0
721,247092,"Курс ""Мастер CRM. Для руководителей и владельцев бизнеса.","Практический курс о том, как выбрать, внедрить и настроить CRM так, чтобы она реально работала — помогала продавать, упрощала управление и систематизировала хаос.
Курс создан на основе десятилетнего опыта внедрений.",ru,1,9900.0,0,,0,https://stepik.org/course/247092,{'CRM'},0.0,0.0
722,242522,Email / CRM-маркетинг. Привлечение клиентов через рассылки,"Курс для маркетологов и владельцев бизнеса. Научитесь внедрять Email-маркетинг с нуля, планировать, писать, оформлять и оценивать рассылки. А еще мы расскажем, как собрать базу адресов и настроить автоворонку писем. ",ru,1,1800.0,31,4.75,4,https://stepik.org/course/242522,{'CRM'},55800.0,19.0
723,234225,Системный курс по CRM-маркетингу,"Практические кейсы, инструкции и актуальные решения для современных компаний, ориентированных на результат. Все, что нужно для того, чтобы сделать CRM-маркетинг конкурентным преимуществом 🚀",ru,0,0.0,418,5.0,13,https://stepik.org/course/234225,{'CRM'},0.0,65.0
724,233695,АmoCRM для отдела продаж. Курс от IQ Project ,Курс предназначен для партнеров компании IQ Project. Курс содержит информацию о базовом использовании amoCRM менеджерами отдела бронирования и тесты для самопроверки. ,ru,0,0.0,4,,0,https://stepik.org/course/233695,{'CRM'},0.0,0.0
725,210423,Работа с CRM-системой,"В данном курсе описаны все шаги, необходимые для успешной и уверенной работы с CRM-системой МУП ""САХ"". От настройки интерфейса до обработки обращений, здесь расписаны все основные термины и положения. Для прохождения данного курса дополнительно следует изучить «Руководство пользователя программного обеспечения CRM МУП «САХ».",ru,0,0.0,92,,0,https://stepik.org/course/210423,{'CRM'},0.0,0.0
726,204625,Курс специалиста технической поддержки Клиентикс CRM,"Курс позволит быстро влиться в рабочий процесс приема и обработки обращений от клиентов.
Также в рамках курса Вы научитесь понимать клиента и его проблемы",ru,0,0.0,6,,0,https://stepik.org/course/204625,{'CRM'},0.0,0.0
727,195658,Пользователь AmoCRM,"Курс ""Пользователь AmoCRM"" предназначен для тех, кто только начинает свое знакомство с AmoCRM.

В ходе курса обучающиеся ознакомятся с основными функциональными возможностями AmoCRM и научатся эффективно использовать ее в своей работе. 

Темы, которые освящены в курсе: 
- Сделки;
- Задачи;
- Товары;
- Коммуникация.",ru,1,890.0,255,4.65625,32,https://stepik.org/course/195658,{'CRM'},226950.0,149.0
728,185922,CRM: от бизнес-концепции к маркетингу,"Курс для амбициозных маркетологов, которые стремятся не просто делать рассылки, а решать задачи бизнеса с помощью CRM.",ru,0,0.0,6886,4.792079207920792,101,https://stepik.org/course/185922,{'CRM'},0.0,484.0
729,182546,Внедрение CRM Битрикс24 без программиста,"Курс поможет избежать типичных ошибок при внедрении CRM.
Курс состоит из 30 видеоуроков по 5–7 минут. В каждом уроке - правдивые кейсы и советы экспертов, основанные на опыте.
Задания в конце занятий - чтобы сразу применить новые знания на практике.",ru,1,100.0,1041,4.833333333333333,12,https://stepik.org/course/182546,{'CRM'},104100.0,58.0
730,179448,Как нанять CRM-маркетолога,"Зарегистрируйтесь на курс «Как нанять CRM-маркетолога», чтобы получить навыки, необходимые для успешного найма CRM-маркетолога. Проверьте полученные знания с помощью игры-симулятора найма после курса.",ru,0,0.0,1377,4.363636363636363,11,https://stepik.org/course/179448,{'CRM'},0.0,48.0
731,127008,Профессия «CRM-маркетолог». Специализация: мессенджеры,"CRM-маркетолог – это профессия будущего, которая уже стала востребованной реальностью",ru,1,8750.0,10,,0,https://stepik.org/course/127008,{'CRM'},87500.0,0.0
732,92432,CRM-маркетолог. Специализация: мессенджеры,Погрузитесь в профессию CRM-маркетолога с углубленным изучением теории и практики внедрения маркетинга в мессенджеры,ru,1,5950.0,58,5.0,1,https://stepik.org/course/92432,{'CRM'},345100.0,5.0
733,86470, Управление отношениями с клиентами (CRM),"Курс «Управление отношениями с клиентами (CRM)» дает представление не только о структуре CRM системы, но и о ее различных формах, акцентах как для локальных компаний, так и для компаний работающих на международном рынке 

Слушатель получит информацию, соответствующую программе CRM 

Бизнесмен, преподаватель университета или представитель органов власти ознакомится с основами CRM, а также получит более полное представление работе CRM системы в условиях работы на международном рынке

По окончанию курса Вы научитесь определять тип и полноту внедрения CRM системы, адаптировать ее к работе на международном рынке. Получите достаточный понятийный аппарат, для работы в CRM системах.

Преподаватель: Логинова Екатерина Викторовна,  к.э.н, доцент кафедры международного бизнеса университета СибГУ науки и технологий М.Ф. Решетнева.
katerina030588@mail.ru ",ru,0,0.0,3069,4.3,50,https://stepik.org/course/86470,{'CRM'},0.0,215.0
734,84246,РАБОТА В2В ТЕЛЕМАРКЕТОЛОГА В CRM БИТРИКС,"Пройдите курс, чтобы повысить эффективность работы с исходящими  звонками в CRM Битрикс. 
В процессе курса вы овладеете такими инструментами, как CRM система, электронная почта и IP телефония.",ru,0,0.0,1111,4.647058823529412,17,https://stepik.org/course/84246,{'CRM'},0.0,79.0
735,279786,1C: Управление торговлей (базовый курс),Практический онлайн-курс по работе в 1С:Управление торговлей 8 рассматрвает полный цикл торгового учёта: от первоначальной настройки программы до расчёта финансового результата.,ru,1,299.0,18,,0,https://stepik.org/course/279786,{'1C'},5382.0,0.0
736,278042,1C:Зарплата и управление  персоналом КОРП (управленческий учет),"Курс представляет собой полное руководство по управленческому учету  конфигурации 1С:Зарплата и управление персоналом 8  КОРП. Курс  охватывает такие разделы, как базовая структура компании и грейдов до сложных HRM-процессов: KPI и мотивация, кадровый резерв, оценка 360°, аттестации, охрана труда, ДМС, самообслуживание сотрудников, адаптация/увольнение, подбор, обучение и развитие.",ru,1,290.0,17,,0,https://stepik.org/course/278042,{'1C'},4930.0,0.0
737,277109,1C:Бухгалтерия предприятия (базовый курс),"Практический курс по работе в программе «1С:Бухгалтерия предприятия» редакция 3.0 — один из самых популярных инструментов автоматизации бухгалтерского и налогового учёта в России. Курс охватывает полный цикл ведения учёта: от первоначальной настройки базы и заполнения справочников до отражения хозяйственных операций, расчёта зарплаты, учёта ОС/НМА/товаров/услуг, работы с НДС, закрытия периода, формирования регламентированной отчётности, анализа данных с учетом действующего законодательства.",ru,0,0.0,11,,0,https://stepik.org/course/277109,{'1C'},0.0,0.0
738,276051,1C:ERP. Базовый курс,"Курс посвящен изучению базовых принципов ERP-системы на примере работы в программы «1С:ERP Управление предприятием». Слушатели освоят основные бизнес-процессы, интерфейс и  механизмы программы, научатся вести оперативный учет, планирование и управление ресурсами и производством предприятия. Программа построена на практических примерах и охватывает ключевые бизнес-процессы: от закупок и склада до производства и регламентированной отчетности.",ru,0,0.0,426,4.5,2,https://stepik.org/course/276051,{'1C'},0.0,9.0
739,265698,na1c. Блок 1: язык программирования,Практический курс по программированию на 1С для новичков: с нуля до уверенной разработки и создания собственных решений.,ru,0,0.0,6,,0,https://stepik.org/course/265698,{'1C'},0.0,0.0
740,261226,1C Старт с нуля,"Цель: дать уверенную базу разработки на 1С:Предприятие 8.3, научить работать со справочниками, документами, регистрами, СКД и интеграциями.",ru,0,0.0,8,,0,https://stepik.org/course/261226,{'1C'},0.0,0.0
741,252732,1C: УПП,"Курс «1С: УПП (для пользователей)» — это пошаговое обучение работе в системе управления производственным предприятием. Вы научитесь вести учёт закупок, продаж, складских операций, производства, финансов и персонала. Курс поможет быстро освоить 1С:УПП и эффективно использовать её для ежедневных бизнес-задач.",ru,1,3790.0,31,5.0,1,https://stepik.org/course/252732,{'1C'},117490.0,5.0
742,208458,1C Учебная версия и школьники,Данный курс предназначен для первого знакомства учащихся 7-11 классов с 1C Учебная версия. Очень плавная и подробная программа курса предусматривает выработку навыков программирования посредством решения большого количества интерактивных тестов и задач. Мы познакомимся с основами программирования на языке 1C Учебная версия.,ru,0,0.0,3,,0,https://stepik.org/course/208458,{'1C'},0.0,0.0
743,48425,Rise English for 1C People,"Rise English for 1C People is a course specially tailored for 1C professionals interested in participating in international projects.

The course on Stepik platform contains home assignments for the course students. Trainer's feedback is provided to the students only.

About Rise English for 1C People https://rise1c.academy/englishfor1cpeople",ru,0,0.0,1587,,0,https://stepik.org/course/48425,{'1C'},0.0,0.0
744,270919,Jira: управление потоком задач,"Для тех, кто хочет навести порядок в своих и командных задачах, выполнять их вовремя и без лишней суеты",ru,1,499.0,106,5.0,7,https://stepik.org/course/270919,{'Jira'},52894.0,35.0
745,256782,Agile — Jira: Управление бизнес-процессами,"Изучите основы и продвинутую работу Agile, Scrum и Kanban, а также работу с Jira — инструментом для управления проектами. Научитесь планировать спринты, управлять задачами и аналитикой, оптимизировать процессы разработки и эффективно взаимодействовать с командой.",ru,1,199.0,0,,0,https://stepik.org/course/256782,"{'Scrum', 'Kanban', 'Jira'}",0.0,0.0
746,243029,Мастерство работы в Jira и Confluence,"Полный курс для системных аналитиков, который поможет вам быстро освоить Jira и Confluence, автоматизировать процессы и повысить продуктивность. От основ до продвинутых техник — всё, что нужно для успеха в профессии.
Курс регулярно актуализируется в соответствии с выходом новых технологий.",ru,1,800.0,41,5.0,2,https://stepik.org/course/243029,"{'Confluence', 'Jira'}",32800.0,10.0
747,130637,Администрирование Jira,"Базовый курс по администрированию Jira.
Я расскажу о том, что такое Jira, как она устроена и как ее администрировать.",ru,0,0.0,2526,4.428571428571429,49,https://stepik.org/course/130637,{'Jira'},0.0,217.0
748,56089,Jira Service Management: служба поддержки пользователей,"Jira Service Management - как создать портал, чтобы оперативно и качественно решать проблемы ваших пользователей",ru,0,0.0,2440,4.826086956521739,92,https://stepik.org/course/56089,{'Jira'},0.0,444.0
749,10425,[Устаревший] Jira: ведение задач на электронных досках,Первый русскоязычный курс по Jira - легендарному инструменту для ведения задач на электронных досках. Создан на основе очных курсов Артема Глотова.,ru,0,0.0,27934,4.7893617021276595,940,https://stepik.org/course/10425,{'Jira'},0.0,4502.0
750,128637,Применение онлайн-доски Miro.com в обучении,,ru,0,0.0,474,4.636363636363637,11,https://stepik.org/course/128637,{'Miro'},0.0,51.0
751,118232,Применение онлайн-доски Miro.com при обучении математике,"«Применение онлайн-доски Miro.com в обучении математике» - онлайн-курс, направленный на развитие навыков и компетенций педагогов, повышение квалификации в области применения онлайн-доски Miro.com в образовательном процессе. Курс поможет в освоении данной платформы, внедрении ее в образовательный процесс.",ru,0,0.0,710,4.9411764705882355,17,https://stepik.org/course/118232,{'Miro'},0.0,84.0
752,279195,"Погружение в гибкое управление проектами: Agile, Scrum","Курс для тех, кто хочет разобраться в Agile по-настоящему — без мифов и карго-культа. Разберем философию гибкого управления, Scrum по сути, а не по пересказам, и научимся выбирать подходы осознанно. Подходит не только IT — а всем, кто работает в команде и хочет делать это эффективно.",ru,0,0.0,330,5.0,1,https://stepik.org/course/279195,{'Scrum'},0.0,5.0
753,271603,Scrum Master — вход в профессию (Junior) 2026,"Это видеокурс — честный вход в профессию Scrum Master.
Без магии, шаблонов и ложных обещаний. Через свой нейроаватар я передаю свой практический опыт и объясняю простым языком, кто такой Scrum Master, чем он реально занимается, где проходит граница ответственности и с какими иллюзиями сталкиваются новички.
Если ты хочешь понять профессию изнутри и решить, твой ли это путь — начинай здесь.",ru,1,1890.0,6,5.0,3,https://stepik.org/course/271603,{'Scrum'},11340.0,15.0
754,268953,Agile & Scrum & Дашборды & Оценка,"В сегодняшнем динамичном мире, где решающее значение имеют скорость и адаптивность, гибкие методологии Agile и фреймворк Scrum стали основой успешного управления проектами. Командный скрам-мастер играет здесь ключевую роль: это не просто организатор процессов, а настоящий лидер, который мотивирует команду, устраняет барьеры и помогает достигать поставленных целей.",ru,1,1390.0,3,5.0,1,https://stepik.org/course/268953,{'Scrum'},4170.0,5.0
755,264335,Agile: Scrum и Kanban в работе над продуктом,"Agile — не про модные слова, а про скорость, прозрачность и порядок в работе. Курс даёт понятное, практичное понимание Scrum и Kanban: как ставить задачи, убирать блокеры, управлять потоком и не допускать хаоса. Никакой романтики — только инструменты, которые работают. Подходит офисным и проектным командам, которым нужна ясность, предсказуемость и нормальный процесс без пожаров.",ru,1,1890.0,12,5.0,4,https://stepik.org/course/264335,"{'Scrum', 'Kanban'}",22680.0,20.0
756,260466,Scrum: от теории к практике. Эффективная работа в Agile-командах,"Этот курс предоставляет целостное понимание фреймворка Scrum. Слушатели познакомятся с ролями, артефактами, событиями и правилами Scrum, научатся применять их на практике для управления проектами и продуктами в условиях неопределенности и быстроменяющихся требований.",ru,0,0.0,6,,0,https://stepik.org/course/260466,{'Scrum'},0.0,0.0
757,255978,Agile и Scrum,"Этот курс поможет вам не просто стать частью скрам-команды и чувствовать себя комфортно. При желании вы можете стать скрам-мастером или владельцем продукта.
А если вы думаете о внедрении Scrum, этот курс поможет вам взвесить все плюсы и минусы и поможет во внедрении.",ru,1,4890.0,0,,0,https://stepik.org/course/255978,{'Scrum'},0.0,0.0
758,242993,Scrum,"Курс посвящён изучению Scrum — популярной гибкой методологии управления проектами. Вы узнаете, как внедрять Scrum в команде, организовывать спринты, проводить ретроспективы и работать с бэклогом. Курс удобно проходить в своём темпе, возвращаясь к материалам по мере необходимости.",ru,1,990.0,141,5.0,2,https://stepik.org/course/242993,{'Scrum'},139590.0,10.0
759,233713,Scrum - мастер: Ваш лёгкий старт в IT!,"Начните карьеру в IT без опыта!
Узнайте, чем Scrum-мастер отличается от проект-менеджера, и выберите свою роль в мире гибких проектов. Никаких технических навыков для работы Scrum-мастером не требуется! Курс объяснит всё простым языком: от основ Agile до управления командой. Вы получите ключ к востребованной профессии, даже если никогда не работали в IT. Практические кейсы, термины и схема работы по scrum — ваш старт в IT-управлении начинается здесь. Не упустите шанс изменить жизнь!",ru,1,199.0,12,5.0,2,https://stepik.org/course/233713,{'Scrum'},2388.0,10.0
760,225562,Основы Agile и Scrum от Почётного Доктора Наук,"Курс ""Основы Agile и Scrum"" - ёмкий, практичный курс, заточенный на то, чтобы вы ""прокачали"" свои навыки!

Курс включает в себя:

+ Введение в Agile и Scrum
+ Scrum события
+ Расширенная концепция Agile

Предлагаем пройти данный курс от практика, Почётного Доктора Наук, который возглавлял разработку IT-продуктов в ВК, Сбере, ВТб, ГосУслугах!

На курсе будем обсуждать инструменты, которые применяются прямо здесь и сейчас на российских и зарубежных рынках!",ru,1,4890.0,23,5.0,13,https://stepik.org/course/225562,{'Scrum'},112470.0,65.0
761,212007,Scrum: Основы управления проектами и Agile-команд,"Курс по Scrum управлению проектами даст вам теоретическое понимание основ Agile Scrum и ключевых аспектов Scrum методологии. Вы узнаете, как организовать командную работу, управлять спринтами и применять Scrum для достижения целей проекта. Курс полностью состоит из теории и подходит как для новичков, так и для тех, кто хочет углубить свои знания. После завершения вы получите прочную базу для сертификации и роли Scrum Master.",ru,0,0.0,222,4.666666666666667,12,https://stepik.org/course/212007,{'Scrum'},0.0,56.0
762,209251,Scrum Master на практике,"Скажем, что вы прошли базовое обучение по Scrum, а возможно даже получили сертификат. Но, что же дальше? Как и где применить эти знания на практике?
Как выстроить работу по scrum? 
В курсе вы найдёте достаточно шаблонов, примеров, лайфхаков и советов, которыми сможете пользоваться во время работы Скрам-мастером, в том числе не только в IT сфере.",ru,1,5890.0,3,3.0,2,https://stepik.org/course/209251,{'Scrum'},17670.0,6.0
763,114952,Agile и Scrum в работе над проектами и продуктами,"Этот вводный курс объясняет, как работать по Scrum, и дает полное понимание системы ценностей Agile.",ru,1,5000.0,10,,0,https://stepik.org/course/114952,{'Scrum'},50000.0,0.0
764,265445,Kanban PRO — профессиональная система управления потоком,"Kanban PRO — углублённый курс для тех, кто уже работает с Agile и Kanban и хочет управлять системой работы, а не отдельными инструментами.

Здесь нет базы и упрощений. Курс про управление потоком в сложных организациях: вариабельность, зависимости, перегруз, стратегия и управленческие решения.

Вы научитесь видеть работу как систему, управлять предсказуемостью и рисками, выстраивать Kanban на уровне команд, потоков и стратегии (Flight Levels) и запускать улучшения с устойчивым эффектом.",ru,1,1890.0,8,5.0,2,https://stepik.org/course/265445,{'Kanban'},15120.0,10.0
765,242992,Kanban,"Курс по Kanban поможет вам освоить основы визуализации рабочих процессов, управления задачами и повышения эффективности командной работы. Вы узнаете, как внедрять Kanban в различных сферах деятельности и адаптировать его под свои нужды. Курс удобно проходить в своем темпе, что позволяет совмещать обучение с работой или учебой.",ru,1,290.0,76,3.5,2,https://stepik.org/course/242992,{'Kanban'},22040.0,7.0
766,230630,Все про Kanban,"Онлайн-курс «Все про Kanban» поможет вам освоить эффективные методы управления проектами и задачами с использованием системы Kanban. Вы узнаете о принципах и инструментах Kanban, научитесь создавать и настраивать Kanban-доску, а также применять эту систему на практике для улучшения рабочих процессов. Курс включает изучение ключевых метрик и аналитики, а также практические советы по внедрению Kanban в вашей команде или компании.",ru,0,0.0,817,4.96875,64,https://stepik.org/course/230630,{'Kanban'},0.0,318.0
767,258802,Профессия: Web-верстальщик [ верстка + Git + GitHub ],"Современная вёрстка на JSX, SCSS, JavaScript и Git. Создавайте сложные проекты с нуля и работайте в команде с системой контроля версий.",ru,1,2449.0,148,5.0,2,https://stepik.org/course/258802,{'GitHub'},362452.0,10.0
768,252829,Основы Git и GitHub,"Номинант премии Stepik Awards 2025 🏆 Лучший бесплатный курс.
Git и GitHub: от основ до уверенного использования. Научитесь работать с репозиториями, коммитами, удаленными серверами и GitHub Copilot.",ru,0,0.0,10847,4.962871287128713,404,https://stepik.org/course/252829,{'GitHub'},0.0,2005.0
769,252595,Git и GitHub для начинающих,"Практический курс «Git и GitHub» для абсолютных начинающих: от базовых команд и понятия версии до совместной работы через ветки и pull request’ы. Научитесь уверенно пользоваться Git в командной разработке, публиковать проекты на GitHub и устранять конфликты — всё через пошаговые примеры и реальные задачи.",ru,1,340.0,7,,0,https://stepik.org/course/252595,{'GitHub'},2380.0,0.0
770,247874,Git для начинающих: полный курс по основам и практике GitHub,"Изучи Git с нуля: от основ до практики работы с GitHub. Пошаговые уроки, реальные кейсы и подготовка к собеседованиям для начинающих разработчиков.",ru,0,0.0,1997,5.0,20,https://stepik.org/course/247874,{'GitHub'},0.0,100.0
771,241436,Руслан Сенаторов: Python разработчик с Нуля. Github Git. Линтеры,"Автор курса Руслан Сенаторов t.me/RuslanSenatorov, Преподаватель и Президент IT-организации(CEO) github.com/SENATOROVAI | Материалы курса основаны на открытых лекциях.

Бесплатный онлайн курс Python ДЛЯ ДЕТЕЙ на Stepik — полное обучение Python с нуля. Освой программирование на Python, стань Python-разработчиком.
С этими знаниями сможешь изучить машинное обучение с нуля, получить навыки ML engineer и работать с Git. Всё в одном: Python + обзор Data Science (ML) + Git обучение для начинающих.",ru,0,0.0,1157,4.333333333333333,3,https://stepik.org/course/241436,"{'GitHub', 'Python'}",0.0,13.0
772,240369,Python [СТАРТ] + Git и GitHub [Начинающий+],"Освойте ключевые инструменты современного разработчика! Эта программа объединяет основы языка Python с практиками работы с системой контроля версий Git и платформой GitHub. Вы познакомитесь с основами языка Python и научитесь эффективно использовать Git в командной разработке, создавать репозитории, коммитить изменения, работать с ветками и пул-реквестами.",ru,1,3900.0,17,5.0,1,https://stepik.org/course/240369,"{'GitHub', 'Python'}",66300.0,5.0
773,240011,Публикация Flutter веб-приложения на GitHub и Firebase,"Практический курс: от настройки окружения до публикации Flutter-web без лишних сложностей. На примере реального проекта вы:

- Настроите GitHub Pages и Firebase Hosting
- Разберёте тонкости деплоя, частые ошибки и их решения
- Превратите сайт в PWA
- Освоите JS-interop и научитесь вызывать нативный JS из Flutter
- Развернёте Telegram-приложение

Минимум теории, максимум практических шагов",ru,1,990.0,0,,0,https://stepik.org/course/240011,{'GitHub'},0.0,0.0
774,239813,Git и GitHub: Практическое управление кодом и проектами (курс),"Курс Git и GitHub: освойте системы управления версиями! 🚀

Научитесь работать с Git и GitHub с нуля:
✅ Установка, настройка и создание коммитов
✅ Эффективная работа с удалёнными репозиториями
✅ Ветки, Pull Requests и управление задачами
✅ Оптимизация рабочих процессов в команде

Станьте востребованным специалистом! 💻 Освойте инструменты, которые используют 95% разработчиков. Начните обучение сегодня! 🌟",ru,1,200.0,10,4.666666666666667,3,https://stepik.org/course/239813,{'GitHub'},2000.0,14.0
775,231400,GitHub: старт в разработке с нуля,"GitHub — это не просто платформа для разработчиков, это мощный инструмент, который помогает управлять кодом, работать в команде и создавать проекты, которые заметят.
Этот курс создан для тех, кто только начинает свой путь в программировании и хочет понять, как правильно использовать GitHub для своих задач.
Мы разберем все с нуля: от базовых понятий до продвинутых функций.
Курс построен на практике: вы будете сразу применять знания в реальных задачах, а также сможете задавать вопросы и обсуждать темы с други",ru,0,0.0,1,,0,https://stepik.org/course/231400,{'GitHub'},0.0,0.0
776,230887,Git и GitHub [Начинающий+],"Курс по использованию системы контроля версий Git и платформы GitHub.
После курса можно смело вливаться в команду или начинать разработку своего продукта. Пройдите путь от новичка до уверенного пользователя.",ru,1,1900.0,651,4.973684210526316,38,https://stepik.org/course/230887,{'GitHub'},1236900.0,189.0
777,218158,GitHub (mini),"Курс GitHub (mini) — это просто и понятно о том, как начать работать с Git и GitHub. В первой главе разберём, что такое контроль версий и почему он важен. Поговорим о том, как использовать Git и подключаться к удалённым репозиториям. Дальше — больше: научимся создавать и управлять коммитами, работать с ветками и настраивать .gitignore для удобного хранения файлов.
Продвинутые главы покажут, как делать форки, отправлять pull requests и ревьюить код, а также познакомят с инструментами для анализа и работы с",ru,0,0.0,1526,4.818181818181818,77,https://stepik.org/course/218158,{'GitHub'},0.0,371.0
778,217599,Основы Git и GitHub,"Курс «Основы Git и GitHub» познакомит вас с ключевыми концепциями систем контроля версий и платформы GitHub. Вы научитесь создавать, управлять и работать с репозиториями, а также использовать Git для отслеживания изменений в коде и командной разработки.",ru,0,0.0,943,4.894736842105263,19,https://stepik.org/course/217599,{'GitHub'},0.0,93.0
779,214865,Git + GitHub. Полный курс,"Практическое руководство по работе с системой контроля версий Git и платформой GitHub. Вы научитесь создавать репозитории, управлять ветками, разрешать конфликты, работать с Pull Request и использовать современные инструменты, как GitHub Copilot. Идеально для начинающих разработчиков!",ru,1,1900.0,5259,4.980988593155893,263,https://stepik.org/course/214865,{'GitHub'},9992100.0,1310.0
780,209204,Язык разметки Markdown в Github,"Markdown - это язык разметки для форматирования текста. Он активно используется на сайте GitHub, чтобы оформлять документацию к проектам. Данный курс продемонстрирует вам, что такое разметка Markdown и как её применять на практике.",ru,0,0.0,349,4.666666666666667,27,https://stepik.org/course/209204,{'GitHub'},0.0,126.00000000000001
781,204312,Основы GitHub для начинающих + PyCharm,"👩‍💻 Хотите научиться эффективно работать с Git, GitHub и PyCharm? Этот курс идеально подойдет вам! Получите навыки регистрации на GitHub, создания репозиториев, Commit и Push изменений, а также работы с Branch и Pull Request.",ru,1,890.0,15,3.75,4,https://stepik.org/course/204312,{'GitHub'},13350.0,15.0
782,202405,Изучаем Git и GitHub за 3 часа на практике,"👑Умение работать с Git и GitHub сегодня является базовым требованием для любого разработчика. Данный курс лаконичен и фокусируется на тех 10-20% команд, которые позволяет вам решать 80-90% проблем, возникающих в реальной жизни. Когда вы только начинаете работать с git, вам не нужно тратить время на изучение команд, используемых пару раз за всю карьеру. Тем более, вы всегда можете ознакомиться с ними позже. Таким образом, на этом курсе вы сможете очень быстро приступить к использованию git и GitHub.",ru,1,999.0,0,,0,https://stepik.org/course/202405,{'GitHub'},0.0,0.0
783,193773,Руслан Сенаторов:Python-разработчик с Нуля до Open Source.Github,"3 часа видео-лекции! 👍 Оперативная поддержка автора!🔥 200 заданий на практику 🏆
Этот курс - лучший способ начать с нуля и стать специалистом в Python и Github!
Курс подойдёт ДЛЯ ВСЕХ кто пишет на Python с Нуля,включая Data Sciene и ML-engineer,Машинное обучение. Я собрал в нём весь свой семилетний опыт работы. 
В 2025 году изучение python с нуля требует установки линтеров, например Pylint,black,mypy, а так же знаний Github и open source, CI/CD.
🔥 Почитайте отзывы и записывайтесь!
",ru,1,990.0,136,4.947368421052632,19,https://stepik.org/course/193773,"{'GitHub', 'Python'}",134640.0,94.0
784,181130,Git и Github – базовый курс,"Базовый курс по основам работы с Git. Научитесь профессионально управлять вашим кодом как для самостоятельной работы, так и в команде. Подходит для начинающих разработчиков.",ru,1,2990.0,154,5.0,4,https://stepik.org/course/181130,{'GitHub'},460460.0,20.0
785,179698,Git и GitHub,"Курс Git и GitHub предназначен для тех, кто хочет погрузиться и узнать о контроле версий Git, о его установке и настройке, работе в локальном репозитории, клонирование, ветвление, синтаксис Markdown для оформления профиля и многое другое.",ru,1,698.0,298,4.72,25,https://stepik.org/course/179698,{'GitHub'},208004.0,118.0
786,171974,Изучаем Git и GitHub за 3 часа на практике,"Git с нуля до специалиста: всё необходимое о коммитах, ветках, слияниях и др.
Научитесь использовать git максимально быстро и без лишней воды.",ru,1,990.0,412,3.142857142857143,7,https://stepik.org/course/171974,{'GitHub'},407880.0,22.0
787,125248,Основы работы с Git и GitHub,"Бесплатный курс, позволяющий быстро и ""безболезненно"" освоить Git и Github. Много тестовых задач, видео, скриншотов и краткий понятный текст позволяют пройти курс эффективно, не тратя большое количество времени.",ru,0,0.0,10531,4.642585551330798,263,https://stepik.org/course/125248,{'GitHub'},0.0,1221.0
788,101092,Git + GitHub для разработчика,"Система управления версиями это просто. Понятный курс для начинающих по изучению Git, а так же по работе с удаленными репозиториями на GitHub.",ru,1,490.0,174,4.642857142857143,14,https://stepik.org/course/101092,{'GitHub'},85260.0,65.0
789,254210,Confluence: корпоративная база знаний,"Из курса вы узнаете, как красиво разместить информацию на странице Confluence, организовать удобную навигацию между страницами, а также настроить связь с Jira.",ru,1,299.0,46,5.0,8,https://stepik.org/course/254210,"{'Confluence', 'Jira'}",13754.0,40.0
790,228389,Confluence Базовый курс (с сертификатом),"Освойте Confluence с нуля! Курс поможет легко создавать и структурировать контент, настраивать доступы и эффективно работать с виртуальными досками, задачами и форматированием. В конце вы сможете уверенно управлять информацией и организовывать совместную работу команды на платформе Confluence.",ru,1,150.0,74,5.0,3,https://stepik.org/course/228389,{'Confluence'},11100.0,15.0
791,220495,Confluence Базовый курс,"Освойте Confluence с нуля! Курс поможет легко создавать и структурировать контент, настраивать доступы и эффективно работать с виртуальными досками, задачами и форматированием. В конце вы сможете уверенно управлять информацией и организовывать совместную работу команды на платформе Confluence.",ru,0,0.0,2193,4.411764705882353,17,https://stepik.org/course/220495,{'Confluence'},0.0,75.0
792,177387,Базовый курс Notion + ежедневник учителя,"Данный курс поможет учителям освоить Notion и развить навыки классного руководства. Вы получите базовые знания о Notion и шаблон для эффективной работы учителя и классного руководителя. Узнайте, как организовывать уроки, планировать задания, оценивать успехи учеников и коммуницировать с коллегами и родителями. Оптимизируйте свою работу и повысьте эффективность обучения.",ru,1,2000.0,8,5.0,1,https://stepik.org/course/177387,{'Notion'},16000.0,5.0
